tweet_id,topic,category,confidence
1433222577007198208,abortion,Notification,0.75
1433771702912159748,abortion,Undecided,0.5
1435676853189152775,abortion,Reason,1.0
1433671361738813496,abortion,Reason,1.0
1435526184796835842,abortion,Statement,0.83
1438252969200394244,abortion,Statement,0.67
1433444802755022860,abortion,Undecided,0.5
1433253512662630400,abortion,Undecided,0.5
1444437299735920641,abortion,Undecided,0.5
1433507051980873728,abortion,Statement,1.0
1434350953298268162,abortion,Reason,0.75
1436105335446646789,abortion,None,1.0
1434684413246197763,abortion,Reason,1.0
1429383278163804163,abortion,Reason,0.75
1436365125787824132,abortion,Undecided,0.5
1435007518640689155,abortion,Statement,1.0
1433398059031875584,abortion,Notification,1.0
1435296628605259776,abortion,Notification,0.67
1433414443774488584,abortion,Statement,0.75
1442769752556912648,abortion,Undecided,0.5
1443337462793842688,abortion,Notification,0.75
1433275384653651970,abortion,Reason,1.0
1448629668660322315,abortion,Notification,0.75
1433378972981776389,abortion,Notification,1.0
1434209623330983936,abortion,Notification,1.0
1436306859170975745,abortion,Notification,1.0
1433563700493910019,abortion,Undecided,0.5
1433767871218343971,abortion,Notification,1.0
1433825857865281537,abortion,Reason,0.75
1448337995271131137,abortion,Notification,0.75
1433162130237181952,abortion,None,1.0
1430897628095520781,abortion,Reason,1.0
1436155616272265216,abortion,Notification,1.0
1438139518104870915,abortion,Notification,1.0
1433706737505292303,abortion,Notification,0.67
1433524836425474061,abortion,Reason,0.75
1445976115969880065,abortion,Statement,1.0
1433744599357562884,abortion,Statement,0.75
1442625531170770952,abortion,Reason,1.0
1434371921987133441,abortion,None,1.0
1445921589426593792,abortion,Notification,1.0
1438245556409798663,abortion,Statement,1.0
1437526511624589314,abortion,Undecided,0.5
1439978589399789583,abortion,Notification,0.75
1435588849196011526,abortion,Notification,1.0
1441564147536121859,abortion,Notification,1.0
1428816379818381315,abortion,Reason,1.0
1434630848498728961,abortion,Notification,1.0
1428035064110088193,abortion,Notification,0.75
1444621602856083463,abortion,Undecided,0.5
1427643282578976769,abortion,Notification,0.75
1434308432056623106,abortion,Statement,1.0
1444294023192141825,abortion,Undecided,0.5
1436129009658744842,abortion,Reason,0.75
1428188766670315522,abortion,Undecided,0.5
1433767464907821057,abortion,Undecided,0.5
1443678905005654022,abortion,Notification,1.0
1435221550802800642,abortion,Statement,0.75
1435140241417850883,abortion,Statement,0.75
1446547007103963137,abortion,Notification,1.0
1443693750790725635,abortion,Statement,0.75
1433859856906215426,abortion,Notification,0.75
1433604428716601349,abortion,Notification,1.0
1430533896660295685,abortion,Notification,1.0
1444576148432719875,abortion,Reason,1.0
1433110574137704449,abortion,None,1.0
1446483371337596930,abortion,Statement,0.75
1433343934806245376,abortion,Statement,1.0
1443273626866761729,abortion,Notification,1.0
1440130460265418754,abortion,Notification,0.67
1433091882976829445,abortion,Undecided,0.5
1448345564685340675,abortion,Notification,1.0
1433179801540382721,abortion,Statement,0.75
1431244750116564992,abortion,Notification,0.75
1440095931588874242,abortion,Notification,1.0
1448823752444289027,abortion,Undecided,0.5
1434879194547331079,abortion,Statement,0.75
1434845178360172544,abortion,Reason,1.0
1439579154014429193,abortion,Notification,0.75
1441090573268447237,abortion,Notification,0.75
1433136387172208643,abortion,Undecided,0.5
1437474167696281600,abortion,Undecided,0.5
1433609676172800003,abortion,Reason,1.0
1433502763464331276,abortion,Statement,0.75
1438745256011321348,abortion,Notification,0.75
1433210997062389761,abortion,Statement,0.75
1437473547811708936,abortion,Notification,1.0
1433174738134839296,abortion,Reason,1.0
1433108438687653892,abortion,Statement,1.0
1433525015337750531,abortion,Notification,1.0
1434427363580841986,abortion,None,1.0
1439620303479615491,abortion,Notification,1.0
1433844386606030858,abortion,Notification,0.75
1439987749465964548,abortion,Notification,1.0
1444355252409536517,abortion,Undecided,0.5
1438280724809928706,abortion,Statement,0.75
1433364207118979072,abortion,Notification,1.0
1433339018788417536,abortion,Reason,0.75
1434916385453326336,abortion,Reason,0.75
1430293764921339907,abortion,Notification,1.0
1434512370341142530,abortion,Reason,1.0
1444734302823059459,abortion,Undecided,0.5
1434116151160811520,abortion,None,1.0
1433429236363128842,abortion,Statement,0.75
1442018249919524870,abortion,Notification,1.0
1434154343716966403,abortion,Reason,0.75
1433171236427870215,abortion,Statement,0.75
1445855837520424964,abortion,Reason,1.0
1435422140149510149,abortion,Notification,1.0
1444380252386566150,abortion,Notification,1.0
1433425692985753607,abortion,Reason,1.0
1433950322599202820,abortion,Notification,0.67
1434204981746409476,abortion,Reason,0.75
1434051970541801474,abortion,Statement,1.0
1432411176764428289,abortion,None,1.0
1443002712560312329,abortion,Statement,0.75
1443304398847942666,abortion,Reason,0.75
1434829771955920900,abortion,Statement,0.75
1433881419651158025,abortion,Statement,1.0
1449097101107937283,abortion,Reason,0.75
1442265359201886209,abortion,Notification,0.75
1443783233888563202,abortion,Undecided,0.5
1448978846749974530,abortion,Notification,1.0
1433429559202832393,abortion,Notification,1.0
1443588959037104135,abortion,Notification,1.0
1444404700355260419,abortion,Reason,0.75
1441753981252898824,abortion,Reason,0.75
1433151766485520384,abortion,Notification,1.0
1436650201670946821,abortion,Undecided,0.5
1442927988345954311,abortion,Notification,1.0
1447321757782839305,abortion,Undecided,0.5
1445044517602725888,abortion,Reason,1.0
1434565809700024326,abortion,Reason,1.0
1435063261800681473,abortion,Statement,0.75
1435161293267292160,abortion,Reason,1.0
1433513238893826050,abortion,Reason,0.75
1433890075964805124,abortion,Notification,1.0
1441437383434539012,abortion,Reason,0.75
1433792267765047299,abortion,Statement,0.75
1446650102496497666,abortion,Statement,0.75
1448853008452890647,abortion,None,1.0
1433545273410834434,abortion,Notification,1.0
1448518727809605637,abortion,Reason,1.0
1444736233444462594,abortion,Notification,1.0
1437350850469453828,abortion,Reason,0.75
1437980874100805632,abortion,Reason,0.75
1441201116545380370,abortion,Undecided,0.5
1438732663708389378,abortion,Notification,1.0
1431995188260454409,abortion,Notification,1.0
1437034773013204999,abortion,Reason,0.75
1433994416088236035,abortion,Reason,0.67
1433188517991960581,abortion,Statement,1.0
1434950625444438018,abortion,Reason,0.75
1433626200224649217,abortion,Undecided,0.5
1445174394201026574,abortion,Reason,0.75
1433840092792168464,abortion,Notification,1.0
1439228312774135808,abortion,Reason,0.75
1427613956861005825,abortion,Reason,1.0
1443082020192616449,abortion,Undecided,0.5
1433176626783719425,abortion,Reason,0.75
1437122756949286915,abortion,Reason,0.75
1441185777619292160,abortion,None,1.0
1433556330317430785,abortion,Statement,0.75
1434673524367626240,abortion,Statement,0.75
1433694692328214529,abortion,Reason,0.75
1433411141645045761,abortion,Notification,1.0
1428450917939138564,abortion,None,1.0
1434988997168746497,abortion,None,1.0
1433588929526214791,abortion,Notification,1.0
1443693287773200387,abortion,Notification,1.0
1435582763365699596,abortion,Statement,0.75
1438099187351052293,abortion,Undecided,0.5
1443499618290081795,abortion,Notification,1.0
1433780955571884037,abortion,None,1.0
1441371242435530752,abortion,Notification,1.0
1433624869997010951,abortion,Statement,1.0
1430201896783032323,abortion,Reason,1.0
1442796972864425984,abortion,Reason,1.0
1434253127465648128,abortion,Reason,0.75
1443956826496765958,abortion,None,1.0
1442677280183029760,abortion,Reason,0.75
1443998650280120339,abortion,Notification,1.0
1433366891775643655,abortion,Reason,0.75
1433169039992438784,abortion,Statement,1.0
1434719268193460227,abortion,Reason,0.75
1444106074198585344,abortion,Reason,0.75
1433462274849656843,abortion,Reason,0.75
1444708227753578506,abortion,Undecided,0.5
1434217111908495374,abortion,Statement,0.75
1448015924993445891,abortion,Undecided,0.5
1429911727693570048,abortion,Notification,1.0
1433535674796449795,abortion,Reason,0.75
1435582470964006916,abortion,Reason,0.75
1435160716739293184,abortion,Reason,0.75
1434902459902619654,abortion,Reason,1.0
1435735062272622597,abortion,Reason,0.75
1428499697769992198,abortion,Undecided,0.5
1433565667467448320,abortion,Statement,0.67
1440413131709161480,abortion,Undecided,0.5
1435772536181170183,abortion,Reason,0.75
1223192287271948288,brexit,Reason,0.75
1222154382369873920,brexit,Statement,0.75
1225808960248254465,brexit,Notification,1.0
1232601503485042689,brexit,Reason,0.75
1224589376560209921,brexit,Reason,1.0
1225001881774235648,brexit,Reason,1.0
1226225200175382529,brexit,Reason,0.75
1223076465970991105,brexit,Statement,0.75
1220010233264820224,brexit,Reason,0.67
1227485368225861632,brexit,Undecided,0.5
1212772743919415299,brexit,Notification,1.0
1225163846714904581,brexit,Statement,1.0
1223271780934090754,brexit,Statement,0.75
1223264374229434368,brexit,Notification,1.0
1219670204613001217,brexit,Reason,0.75
1226467131656675330,brexit,Reason,0.75
1222962565384372224,brexit,Statement,1.0
1225056975614087168,brexit,Statement,1.0
1223929052324601856,brexit,None,0.67
1216250135879061504,brexit,Notification,1.0
1230061029457047554,brexit,Notification,0.75
1222574360311017473,brexit,Notification,0.67
1223275901636489218,brexit,Notification,1.0
1231907386073346048,brexit,Notification,1.0
1233435383683305473,brexit,Statement,1.0
1222651132058537984,brexit,Undecided,0.5
1230137945618812929,brexit,Reason,0.75
1222827887931416576,brexit,None,0.67
1212844467671179275,brexit,Reason,1.0
1227196411202109440,brexit,Reason,0.75
1223382945030975488,brexit,Statement,1.0
1226774881494327296,brexit,Statement,0.75
1222621646349066247,brexit,Notification,1.0
1217960084816441346,brexit,Reason,0.75
1221330190703394817,brexit,Reason,0.75
1222458544844394497,brexit,Statement,1.0
1223380969874493440,brexit,Statement,0.75
1223200654325362688,brexit,Notification,1.0
1223312523795075072,brexit,Notification,0.75
1228649495703040000,brexit,Notification,0.75
1228229548308742149,brexit,Notification,0.75
1217501700963086336,brexit,None,0.67
1228970176818958336,brexit,None,1.0
1221069227668443136,brexit,Undecided,0.5
1217360018024124416,brexit,Notification,0.75
1221771763949940736,brexit,Statement,0.75
1223285063263100929,brexit,Reason,0.75
1223021619561598976,brexit,Notification,1.0
1223700146120220674,brexit,Undecided,0.5
1223956747376898048,brexit,Undecided,0.5
1227728451702050817,brexit,Reason,0.75
1223734102282645504,brexit,Notification,1.0
1224710234259836929,brexit,Notification,0.75
1223947939544018945,brexit,Statement,1.0
1218575552535240706,brexit,Reason,0.75
1223590702971486211,brexit,Undecided,0.5
1219552314513555458,brexit,Notification,0.67
1220843687342747649,brexit,Reason,1.0
1215502677922082817,brexit,Notification,1.0
1215670786729615360,brexit,Reason,1.0
1225416215465746432,brexit,Notification,0.75
1223319670406754304,brexit,Statement,0.75
1222804783746166785,brexit,Reason,0.75
1231006732861804544,brexit,Statement,1.0
1213090074063253504,brexit,Notification,1.0
1218547998151626753,brexit,Statement,0.75
1223525259162390529,brexit,Reason,1.0
1223396544239620099,brexit,Undecided,0.5
1223216224982704130,brexit,None,1.0
1223180963632615424,brexit,Statement,0.75
1225945272590663682,brexit,Reason,0.75
1223987154197663744,brexit,Statement,0.75
1222584797647855616,brexit,Statement,1.0
1215207838781526018,brexit,Reason,1.0
1222786476636663808,brexit,None,1.0
1225800132022677504,brexit,Notification,1.0
1223295721719443456,brexit,Reason,0.75
1225835440370077696,brexit,Notification,0.75
1223330321925648384,brexit,Statement,0.75
1223161160209440770,brexit,Statement,0.75
1222494138098241538,brexit,Undecided,0.5
1214877086701277184,brexit,Notification,0.83
1222631056823783432,brexit,Undecided,0.5
1232354290934648832,brexit,Reason,0.75
1221694512864616449,brexit,Statement,0.75
1218663367323373575,brexit,Reason,1.0
1224976235039727617,brexit,Undecided,0.5
1223332765841723393,brexit,Reason,1.0
1216020878061907969,brexit,Reason,1.0
1217387308678369280,brexit,Reason,1.0
1223381004334878720,brexit,Notification,0.75
1215757720768471052,brexit,Reason,0.75
1223403753107349504,brexit,Statement,0.75
1223401779536236544,brexit,Statement,0.67
1223391819628675074,brexit,Notification,0.75
1223351600351260672,brexit,Notification,1.0
1224375958645432320,brexit,Notification,0.75
1223733119104299009,brexit,Undecided,0.5
1222614128772239361,brexit,Undecided,0.5
1220264745061752832,brexit,Notification,0.75
1221190328042119168,brexit,Reason,0.75
1218477959293685763,brexit,Undecided,0.5
1222131839009280001,brexit,Statement,1.0
1223380633105379328,brexit,Reason,1.0
1223223780706848768,brexit,Notification,1.0
1224349983954100226,brexit,Reason,0.75
1220654979393949697,brexit,Notification,1.0
1216414988123897856,brexit,Notification,1.0
1226237049038163970,brexit,Reason,1.0
1219905247117762560,brexit,Undecided,0.5
1223393737461682187,brexit,Undecided,0.5
1215889001045004293,brexit,Notification,1.0
1233101135940136962,brexit,Reason,0.75
1229319584332877824,brexit,Notification,1.0
1214900403122384896,brexit,Reason,1.0
1215531162019553281,brexit,Reason,0.75
1233716155065470976,brexit,Reason,0.75
1222152383448461313,brexit,Statement,0.75
1225818472225148928,brexit,Notification,0.75
1223192459523522562,brexit,Notification,1.0
1228976418589114369,brexit,Notification,1.0
1230227297665503233,brexit,Statement,1.0
1218168287676239872,brexit,Notification,1.0
1223188950925369345,brexit,Reason,0.75
1223143091110137858,brexit,Undecided,0.5
1216762802117005312,brexit,Statement,1.0
1224095290921308161,brexit,Undecided,0.5
1220089872981143553,brexit,Reason,1.0
1223375709378424833,brexit,Statement,1.0
1222450724182818818,brexit,Reason,0.75
1213591513176956929,brexit,Reason,1.0
1223227745230106624,brexit,Notification,0.75
1218828138110750721,brexit,Statement,1.0
1222780141622919169,brexit,Statement,1.0
1223313998000611330,brexit,None,1.0
1217815378459537408,brexit,Notification,0.83
1223379025290309634,brexit,Statement,0.75
1222915193535107072,brexit,Notification,0.83
1219231896065933313,brexit,Reason,0.83
1216803392028278784,brexit,Notification,0.75
1230066092770516993,brexit,Reason,1.0
1222578284258570240,brexit,Notification,1.0
1224597226288308224,brexit,Notification,1.0
1233078210897813504,brexit,Notification,1.0
1231521778389934085,brexit,Reason,1.0
1223534895886217216,brexit,Undecided,0.5
1233414209913966592,brexit,Notification,1.0
1222502689646530560,brexit,Statement,0.75
1222567746254385152,brexit,Reason,0.75
1223406054421204996,brexit,Reason,1.0
1217559516117655553,brexit,Reason,1.0
1232326589976915969,brexit,Reason,1.0
1222163740617072640,brexit,Notification,0.75
1223382326102626304,brexit,Undecided,0.5
1229649391746789376,brexit,Notification,1.0
1215355418580529152,brexit,Undecided,0.5
1223156553278160898,brexit,Notification,0.75
1224292109722824705,brexit,Statement,0.75
1230040458841251840,brexit,Reason,0.75
1223367442338066433,brexit,Notification,1.0
1213234699398733827,brexit,Notification,1.0
1223284640733003777,brexit,Undecided,0.5
1217443678916050944,brexit,Undecided,0.5
1223787904360685570,brexit,Reason,1.0
1223495987391606785,brexit,None,0.75
1217331017385697281,brexit,Undecided,0.5
1230920883419656192,brexit,Notification,1.0
1229816878144598016,brexit,Undecided,0.5
1223275243868971009,brexit,Statement,0.75
1216291280759742469,brexit,Reason,1.0
1232311255454683137,brexit,Reason,1.0
1222596852610224129,brexit,Reason,0.75
1223277963216637953,brexit,Statement,0.75
1223308987891965952,brexit,Undecided,0.5
1222233054477017089,brexit,Statement,0.75
1231552789068730371,brexit,Notification,1.0
1223381270417354757,brexit,Notification,1.0
1223122045623513088,brexit,Reason,0.75
1223384712518881280,brexit,Reason,0.75
1231163357597782017,brexit,Reason,0.75
1222543094270382081,brexit,Statement,1.0
1221812140002160640,brexit,Reason,0.75
1223249931294642178,brexit,Notification,1.0
1232209415484387329,brexit,Notification,1.0
1213809032634552320,brexit,Notification,1.0
1223177890398904320,brexit,Reason,0.75
1223215330086019073,brexit,Notification,0.75
1223149862599962624,brexit,Notification,0.83
1223172498696671232,brexit,Notification,0.75
1215645371759767553,brexit,Notification,1.0
1218915853636456455,brexit,Notification,1.0
1223526399086153728,brexit,Statement,1.0
1223244479739715584,brexit,Reason,0.75
1228989385170968577,brexit,Reason,0.75
1224229279770271744,brexit,Reason,0.75
1223388918449672192,brexit,Undecided,0.5
1223152309296869376,brexit,None,0.75
1217825923476721665,brexit,Reason,0.75
1225176335099858952,brexit,Undecided,0.5
1223386291578056707,brexit,Reason,0.75
1214154695624802304,brexit,None,0.75
1214490606136963072,brexit,Notification,1.0
1215117432408420358,brexit,Notification,0.75
1215367393326690304,brexit,Statement,0.75
1216021749990555649,brexit,Reason,1.0
1216482625528967174,brexit,Notification,0.75
1217383259895713793,brexit,None,0.75
1217896631703605253,brexit,Notification,0.75
1218446059443191808,brexit,Notification,1.0
1219016672834736131,brexit,Notification,0.75
1219657651853852672,brexit,Notification,1.0
1219904012327227392,brexit,Reason,1.0
1220086959726583809,brexit,Notification,0.67
1220284966082437120,brexit,Notification,0.83
1221911648128131073,brexit,Notification,0.75
1222074028153884672,brexit,Notification,0.75
1222570004257955840,brexit,Notification,0.75
1222629014269046784,brexit,None,1.0
1222640927132569600,brexit,Statement,0.75
1223071284952735744,brexit,Reason,0.75
1223151003878469632,brexit,Notification,0.75
1223152857702129664,brexit,Notification,1.0
1223185686989283328,brexit,Statement,0.75
1223220362512609285,brexit,Notification,0.75
1223224943409815553,brexit,Notification,0.75
1223253568200892416,brexit,Notification,0.75
1223254845655744513,brexit,Reason,0.75
1223275853242605571,brexit,Notification,1.0
1223286698479620097,brexit,Notification,0.75
1223335312098844672,brexit,Statement,0.75
1223344553513582595,brexit,None,0.75
1223370070337957888,brexit,Notification,0.75
1223385181857492992,brexit,None,0.75
1223387281844817920,brexit,Notification,0.75
1223392583952543744,brexit,Notification,1.0
1223404143068381184,brexit,Notification,1.0
1223492213272973314,brexit,Reason,1.0
1223524125911801856,brexit,Notification,0.75
1223547291036004352,brexit,Notification,1.0
1223559935570718727,brexit,Notification,0.75
1223604405041336320,brexit,Reason,1.0
1223622025048154113,brexit,Notification,1.0
1223817985317425154,brexit,Notification,0.75
1223925400436445189,brexit,Notification,0.75
1225189353812643841,brexit,Statement,0.75
1225362689423269888,brexit,Notification,1.0
1228243093222297600,brexit,Notification,0.75
1228976560608288768,brexit,Notification,0.75
1229324190857207808,brexit,Reason,0.75
1230259865576202240,brexit,Notification,0.75
1231873902923722752,brexit,Reason,0.75
1233094136284221447,brexit,Reason,1.0
1233352051234672642,brexit,Notification,0.75
1233416320168923137,brexit,Notification,1.0
1233776820442583041,brexit,Reason,0.75
1428742362046607360,abortion,Notification,0.67
1429066505661161473,abortion,Notification,0.75
1432600315438764036,abortion,Notification,1.0
1432933342043770881,abortion,Notification,0.75
1433049318412390407,abortion,Notification,0.75
1433055939670810624,abortion,Reason,0.75
1433119699135451144,abortion,Reason,0.75
1433152745813553162,abortion,Reason,0.75
1433197856677109766,abortion,Notification,1.0
1433225864154689538,abortion,Statement,0.75
1433502212261613568,abortion,Reason,1.0
1433509029125533703,abortion,Reason,0.75
1433576717893845023,abortion,Notification,1.0
1433577561464922115,abortion,Reason,0.67
1433832349842743299,abortion,Notification,0.75
1434140231817732100,abortion,Reason,1.0
1434190849991057411,abortion,None,0.75
1434555064392241153,abortion,Notification,1.0
1434796388013969409,abortion,Notification,1.0
1435103920137936896,abortion,Notification,0.75
1435673673692860417,abortion,Notification,1.0
1436398954929819650,abortion,Notification,0.75
1437828264366682114,abortion,Reason,0.75
1438593364195225608,abortion,Notification,1.0
1438689176132591621,abortion,Notification,0.75
1440324955254628357,abortion,Notification,1.0
1440448213744377856,abortion,Notification,0.75
1440751684980920325,abortion,Notification,1.0
1441046384849739783,abortion,Notification,0.75
1441107424425897984,abortion,Reason,0.75
1441375945856798720,abortion,Reason,1.0
1441437469434695683,abortion,Notification,1.0
1442774360905895938,abortion,Reason,0.75
1442882362438610944,abortion,Notification,1.0
1443125036554985476,abortion,Notification,1.0
1443148093571096577,abortion,Notification,1.0
1443273628020215811,abortion,Notification,0.75
1444428617069600771,abortion,Notification,0.75
1444451586047098880,abortion,Reason,0.75
1444600433419370496,abortion,Notification,1.0
1444962247399329792,abortion,Notification,0.75
1445402146892128263,abortion,Notification,0.75
1445919053177053185,abortion,Notification,1.0
1446137357946605572,abortion,Statement,0.75
1448847453084659713,abortion,Notification,1.0
1212857303633932288,brexit,Notification,1.0
1213219502219046919,brexit,Notification,0.75
1215268185567637505,brexit,Notification,0.75
1215511412098756608,brexit,Reason,1.0
1216138908024459267,brexit,Notification,1.0
1216278785110216704,brexit,Reason,1.0
1218079902383202304,brexit,Notification,0.75
1219265873183158272,brexit,Undecided,0.5
1219944823081394179,brexit,Notification,1.0
1220031596356677633,brexit,Notification,0.75
1221058021561901056,brexit,Reason,0.75
1221295543399391232,brexit,Reason,1.0
1221795516037595136,brexit,Reason,1.0
1222648074977398784,brexit,Reason,0.75
1222779460300263424,brexit,Reason,1.0
1222922737116729351,brexit,None,1.0
1222925005467590656,brexit,Notification,1.0
1222934735627997185,brexit,Notification,0.75
1223164785497444353,brexit,Reason,1.0
1223192891285233665,brexit,Statement,0.75
1223225986889715712,brexit,Reason,1.0
1223302944088580097,brexit,Undecided,0.5
1223311412006727681,brexit,Undecided,0.5
1223346208145641472,brexit,Reason,0.75
1223367224221732869,brexit,Statement,1.0
1223375216937701377,brexit,Statement,1.0
1223380466822197249,brexit,Notification,1.0
1223382025287229441,brexit,None,0.75
1223383523249270784,brexit,Notification,0.75
1223383830792409091,brexit,Notification,0.67
1223395968541806592,brexit,None,1.0
1223397515925622785,brexit,Notification,0.75
1223523263449632770,brexit,Undecided,0.5
1223683945755222021,brexit,Reason,0.75
1224007444151533570,brexit,Undecided,0.5
1226897624525082624,brexit,Reason,1.0
1227566323221352449,brexit,Reason,1.0
1227615309688905728,brexit,Reason,0.75
1227630259169824770,brexit,Notification,1.0
1228996201695105027,brexit,Notification,1.0
1229910543412137984,brexit,Reason,1.0
1230789314558164993,brexit,Reason,1.0
1231578425640484864,brexit,Notification,1.0
1232785184984125440,brexit,Reason,1.0
1233041920416526337,brexit,Reason,1.0
1428354048369983488,abortion,Reason,1.0
1430283958357483529,abortion,Reason,0.75
1431270957264605186,abortion,Undecided,0.5
1432757034173308931,abortion,Undecided,0.5
1433053774646501380,abortion,Notification,1.0
1433081302832623623,abortion,Reason,1.0
1433103617490309128,abortion,Reason,1.0
1433183284729729024,abortion,Statement,0.75
1433300350178631680,abortion,Statement,0.75
1433303681185812484,abortion,Notification,1.0
1433425617878335494,abortion,Statement,0.67
1433508062602711042,abortion,Reason,1.0
1433541985433006080,abortion,Undecided,0.5
1433627513557819392,abortion,Reason,1.0
1433640765939400704,abortion,Notification,1.0
1433794630387183617,abortion,Undecided,0.5
1433809462909866003,abortion,Reason,0.75
1433878475442561027,abortion,Reason,1.0
1433930935335014401,abortion,Reason,1.0
1433933836698726402,abortion,Reason,1.0
1433986404850229248,abortion,Reason,1.0
1434143416103886853,abortion,Notification,0.75
1434272940955095043,abortion,Reason,1.0
1434307188751691780,abortion,Undecided,0.5
1434542899211943936,abortion,Statement,1.0
1434752749602754564,abortion,Undecided,0.5
1434975977847808005,abortion,None,1.0
1435286229315117058,abortion,Reason,0.75
1435418812308992002,abortion,Reason,0.75
1435626390188142597,abortion,Reason,1.0
1436010269419835394,abortion,Notification,1.0
1436388655954812930,abortion,Undecided,0.5
1436781731156303876,abortion,Reason,1.0
1437433692541046784,abortion,Notification,0.75
1437900320017838082,abortion,Statement,0.75
1437930421828919297,abortion,Notification,0.67
1438191228961574913,abortion,Reason,0.75
1438875253426491399,abortion,Reason,1.0
1439423062722719744,abortion,Reason,1.0
1439727644606488580,abortion,Notification,1.0
1440207531817648132,abortion,Reason,1.0
1440783059347857416,abortion,Notification,0.75
1440813241903378436,abortion,Notification,1.0
1442549181776740358,abortion,Undecided,0.5
1443054048068911105,abortion,Reason,0.75
1443651912897728540,abortion,Statement,0.75
1443722194425634820,abortion,Statement,0.75
1444105658584879108,abortion,Reason,1.0
1445048584521633797,abortion,Notification,0.75
1445092962120224794,abortion,Reason,1.0
1445846585657593858,abortion,Reason,1.0
1445929231909851138,abortion,Reason,0.75
1446510200446464011,abortion,Notification,0.75
1446729819551584265,abortion,Reason,1.0
1446995192268013570,abortion,Reason,1.0
1223278665032773634,brexit,Statement,1.0
1223277085134860290,brexit,Statement,1.0
1223276596213080064,brexit,None,0.67
1217788512948408321,brexit,None,1.0
1217517954058932224,brexit,None,1.0
1217512921955213312,brexit,Reason,1.0
1217510566140547072,brexit,Reason,1.0
1217503668787974151,brexit,None,0.67
1428821672207945732,abortion,Reason,1.0
1428817772683816964,abortion,Reason,0.67
1222575454860861442,brexit,None,1.0
1222575314632683521,brexit,Notification,0.67
1223018072052785153,brexit,Statement,1.0
1223017489413492736,brexit,Statement,1.0
1223016923153215489,brexit,None,1.0
1223016035999277056,brexit,None,1.0
1212801834194210816,brexit,Notification,1.0
1212789095447052289,brexit,Notification,1.0
1212773351862738944,brexit,Notification,1.0
1445044527841091584,abortion,Reason,1.0
1445044522136838145,abortion,Reason,1.0
1434186480914771971,abortion,None,1.0
1434140245650456580,abortion,Notification,1.0
1434140243888939009,abortion,Notification,1.0
1434140242055995392,abortion,Notification,1.0
1434140240311160843,abortion,Notification,1.0
1434140238482448391,abortion,Notification,1.0
1434140236892852228,abortion,Notification,1.0
1434140235521302530,abortion,Notification,1.0
1434140233877053442,abortion,Notification,1.0
1433994419112267780,abortion,Statement,1.0
1434020043545796612,abortion,Reason,1.0
1438149785530290179,abortion,Notification,0.67
1433904974879145984,abortion,Reason,1.0
1219352199635095552,brexit,None,1.0
1223506079784620033,brexit,Reason,1.0
1223391769259233280,brexit,Statement,1.0
1223374675117510656,brexit,None,1.0
1223373534203871239,brexit,Statement,1.0
1223371990104453120,brexit,Statement,1.0
1223367154373885954,brexit,Statement,1.0
1223361321816805378,brexit,Notification,0.67
1223361192464470018,brexit,Statement,1.0
1223360890419937281,brexit,Statement,1.0
1222883308700348418,brexit,Statement,1.0
1222837798903992320,brexit,Reason,0.67
1232329322897268739,brexit,Statement,1.0
1435537658126774275,abortion,Reason,1.0
1440130467957780484,abortion,Reason,1.0
1440130464744972288,abortion,Reason,1.0
1223346863203667970,brexit,None,1.0
1223346301682749442,brexit,None,1.0
1223314415879098368,brexit,None,1.0
1223314152401313793,brexit,None,1.0
1444748958807609355,abortion,Reason,1.0
1223384320225816576,brexit,Statement,1.0
1220849135726796801,brexit,Reason,0.67
1220842917201358849,brexit,Reason,1.0
1220787460533379072,brexit,Reason,1.0
1220647132258078720,brexit,Notification,1.0
1220645792110739461,brexit,Reason,1.0
1220305016201916418,brexit,Reason,1.0
1220269774460137474,brexit,Reason,1.0
1220252763784871937,brexit,Reason,1.0
1220249234911440896,brexit,Reason,1.0
1220129038548840452,brexit,Statement,1.0
1220119339057254401,brexit,Statement,1.0
1220118830355140609,brexit,Reason,1.0
1220114159947460609,brexit,Statement,0.67
1220096682869784576,brexit,Statement,1.0
1220096318724562946,brexit,Statement,1.0
1220094124008919040,brexit,None,0.67
1220092486250639360,brexit,None,1.0
1220091630147002369,brexit,Reason,1.0
1220089528192569345,brexit,Statement,1.0
1220088606209073155,brexit,Reason,1.0
1436310407933841411,abortion,Notification,1.0
1436309914671067159,abortion,Notification,1.0
1436307796329369601,abortion,Notification,1.0
1436307453684166691,abortion,Notification,1.0
1433296775016812544,abortion,Reason,1.0
1433224417002377221,abortion,Statement,1.0
1433205034737704968,abortion,Reason,1.0
1433199750027911170,abortion,Notification,1.0
1433199108341256200,abortion,Statement,1.0
1224739247845859329,brexit,None,1.0
1223680492119232512,brexit,None,0.67
1223382033814167552,brexit,None,0.67
1231153052645650432,brexit,None,1.0
1224013486264586245,brexit,Reason,1.0
1224004117804265472,brexit,Statement,1.0
1224002842886836225,brexit,Statement,0.67
1223955912135671808,brexit,Reason,0.67
1223951948648517632,brexit,Reason,0.67
1223937352839716864,brexit,Statement,1.0
1223934714941145088,brexit,Reason,1.0
1223934689133527040,brexit,Statement,1.0
1223934277349531648,brexit,Reason,0.67
1223933822842146816,brexit,Reason,1.0
1223933819587350529,brexit,Statement,1.0
1223933745390067713,brexit,Statement,1.0
1223932678279454722,brexit,None,1.0
1223930519617929217,brexit,None,1.0
1223930258207973376,brexit,None,1.0
1441440659215458305,abortion,Statement,1.0
1433773511609303046,abortion,Reason,0.67
1233086257397407750,brexit,Statement,1.0
1224399931424813058,brexit,Notification,0.67
1224287321484341248,brexit,Notification,1.0
1224136523072884736,brexit,Reason,1.0
1223632978963771393,brexit,None,1.0
1223567163019145217,brexit,Reason,1.0
1442899876845481984,abortion,Reason,1.0
1442890229212499971,abortion,Statement,0.67
1442889179172532225,abortion,Statement,1.0
1442883067643789313,abortion,Reason,1.0
1220241076293963776,brexit,Statement,1.0
1433453716548562952,abortion,None,1.0
1434310443212886016,abortion,Reason,1.0
1434309337644740612,abortion,Reason,1.0
1221811789039579137,brexit,Reason,1.0
1221811204357869568,brexit,None,1.0
1221811106022330368,brexit,Reason,0.67
1221810317052862469,brexit,Reason,1.0
1221804937912471552,brexit,Reason,0.67
1221804453583638529,brexit,Reason,1.0
1221803699804278784,brexit,Reason,1.0
1221802027719757826,brexit,Reason,1.0
1221801112380084224,brexit,Statement,1.0
1221800725186932737,brexit,Statement,1.0
1433174755474083850,abortion,Reason,1.0
1433174751485349902,abortion,Reason,1.0
1433174749593604098,abortion,Reason,1.0
1433174747374833670,abortion,Reason,1.0
1433174744355033097,abortion,Reason,1.0
1433174741477732370,abortion,Reason,1.0
1223544415849000961,brexit,Statement,1.0
1223538642846699522,brexit,Reason,1.0
1431618521147002882,abortion,Reason,1.0
1431343826698915841,abortion,Reason,0.67
1431337447871459329,abortion,Statement,0.67
1431337285442842624,abortion,Statement,1.0
1431336888921731075,abortion,Statement,0.67
1430259645579464708,abortion,None,1.0
1430225575474601986,abortion,None,1.0
1430169588973686787,abortion,Statement,1.0
1430101581358379011,abortion,Reason,1.0
1429997378002726914,abortion,Reason,1.0
1429964670413197314,abortion,Reason,0.67
1429949416694288390,abortion,Reason,0.67
1429919008195678208,abortion,Statement,0.67
1429912346030481410,abortion,Reason,0.67
1222639722251476993,brexit,Reason,1.0
1222639482450726915,brexit,Statement,1.0
1222383559878553600,brexit,Statement,1.0
1215511681251643392,brexit,None,1.0
1435304266969673731,abortion,Notification,1.0
1435299404122968069,abortion,Reason,1.0
1435297270530854913,abortion,Notification,1.0
1428841984114892800,abortion,Notification,1.0
1443696523146108933,abortion,Notification,1.0
1443694861060911105,abortion,Notification,1.0
1223385646225657858,brexit,Statement,1.0
1223385272718675969,brexit,Reason,0.67
1223172930550607872,brexit,Statement,1.0
1223172809515503617,brexit,Reason,1.0
1223172420149874690,brexit,Reason,1.0
1223026515727802368,brexit,Statement,1.0
1440326461626322952,abortion,None,1.0
1445452117141983245,abortion,None,1.0
1445433471862722565,abortion,Notification,1.0
1445270548045520897,abortion,None,1.0
1445172519795843075,abortion,Notification,1.0
1445169676359716870,abortion,None,1.0
1445098468129787910,abortion,None,1.0
1445093113631068161,abortion,None,1.0
1223409957179133952,brexit,Statement,1.0
1223406860277092353,brexit,Statement,1.0
1223405919385591809,brexit,Notification,1.0
1223405555219419136,brexit,Statement,1.0
1226898893268496392,brexit,Statement,1.0
1437515183082065938,abortion,None,1.0
1231554992613601281,brexit,Statement,1.0
1230004732204388352,brexit,Reason,0.67
1229664224949014528,brexit,Statement,1.0
1229651616451715072,brexit,Reason,0.67
1229650982864211968,brexit,Reason,1.0
1433651619896315908,abortion,Statement,1.0
1224138261620318208,brexit,Reason,0.67
1224137170732101635,brexit,Reason,1.0
1223835588832514048,brexit,None,1.0
1223768283700174848,brexit,Reason,1.0
1223763140602667010,brexit,Reason,1.0
1223667443421392899,brexit,Statement,0.67
1223666232651649024,brexit,Reason,0.67
1223624820241334273,brexit,Reason,1.0
1223620011752902656,brexit,Statement,1.0
1223602303900561410,brexit,Reason,0.67
1223582511151841280,brexit,Notification,1.0
1223581410302341120,brexit,Statement,0.67
1223581249777872897,brexit,None,0.67
1223572065611079681,brexit,Reason,1.0
1223539249271791616,brexit,Statement,1.0
1223533700585066496,brexit,Statement,0.67
1223502645475926017,brexit,Statement,1.0
1223484408545476613,brexit,Reason,1.0
1223476412268544003,brexit,None,1.0
1223465035302866944,brexit,Statement,1.0
1223417728406564864,brexit,Statement,0.67
1223415608777281537,brexit,None,1.0
1223414660445212674,brexit,Reason,1.0
1223412745736880128,brexit,Statement,1.0
1223406257756889088,brexit,Statement,1.0
1223403313959448582,brexit,Reason,1.0
1223399427815170051,brexit,Notification,0.67
1223397529888403458,brexit,Notification,1.0
1223395428718137346,brexit,Reason,1.0
1223393529415766016,brexit,Reason,1.0
1223392862932475904,brexit,Notification,1.0
1223390088962375681,brexit,Statement,1.0
1223389908804538368,brexit,Reason,1.0
1223389861085896704,brexit,Reason,1.0
1223389211996409858,brexit,Notification,1.0
1223389144178724870,brexit,Reason,1.0
1223387335783600128,brexit,Reason,1.0
1223385065671086080,brexit,Reason,1.0
1223383997524455424,brexit,Statement,1.0
1223382486463516673,brexit,Statement,0.67
1223381056960770048,brexit,Statement,1.0
1434854240153911297,abortion,Notification,1.0
1434853354988097537,abortion,Notification,0.67
1433967144903983104,abortion,Reason,1.0
1433966378650771456,abortion,Reason,1.0
1433964753236287488,abortion,Statement,0.67
1433964075453599749,abortion,Reason,1.0
1215503030310834176,brexit,Statement,1.0
1214884401416474625,brexit,None,0.67
1214877678957932544,brexit,Statement,0.67
1236004217841647616,brexit,None,1.0
1435457188500172802,abortion,Reason,0.67
1435451926938783751,abortion,Statement,1.0
1435444669039579142,abortion,None,1.0
1435435058765209604,abortion,None,1.0
1435431506764259331,abortion,None,1.0
1435428580880695300,abortion,Statement,0.67
1435428196720136193,abortion,Reason,1.0
1441391219607838723,abortion,Statement,1.0
1441389782693670912,abortion,Reason,1.0
1224973131841966080,brexit,Statement,1.0
1224781955755053066,brexit,Notification,0.67
1224740498075738122,brexit,Reason,1.0
1224683457722359810,brexit,Reason,1.0
1224683057246064640,brexit,None,1.0
1224677622686396417,brexit,Reason,1.0
1224642948727476224,brexit,Statement,1.0
1224613450825043968,brexit,Statement,1.0
1224603365071560704,brexit,Reason,1.0
1224602680305291264,brexit,None,1.0
1224601607314255873,brexit,None,1.0
1436005984422481931,abortion,Notification,1.0
1220267628717125633,brexit,Statement,0.67
1220260462597754880,brexit,Reason,1.0
1220258544240529408,brexit,Reason,1.0
1220252453343580161,brexit,Reason,1.0
1220137784654036996,brexit,Reason,0.67
1220097759035957249,brexit,Reason,1.0
1220091373690421249,brexit,Statement,1.0
1233438073918296065,brexit,Statement,1.0
1219558561161842688,brexit,Statement,1.0
1222917350049177604,brexit,Notification,0.67
1438253185731383302,abortion,Statement,1.0
1220295891464011778,brexit,Statement,0.67
1214508629681946625,brexit,Statement,1.0
1439051237677277190,abortion,Notification,1.0
1438895984076017667,abortion,Notification,1.0
1438895544550703113,abortion,Reason,1.0
1438894700073820163,abortion,Reason,1.0
1438894570239004672,abortion,Reason,1.0
1438894161810317316,abortion,Notification,0.67
1438893622104035339,abortion,Reason,1.0
1438893124823232513,abortion,Reason,1.0
1438892739966472197,abortion,Notification,1.0
1438892466997014528,abortion,Reason,1.0
1438887921742848003,abortion,Reason,1.0
1438875256731623434,abortion,Reason,1.0
1438875255100125186,abortion,Notification,1.0
1229914176186961920,brexit,Reason,1.0
1445856676565819399,abortion,Reason,1.0
1230801841736290305,brexit,Reason,1.0
1223183031218909184,brexit,Notification,1.0
1223164111481135105,brexit,Reason,1.0
1223163569870602240,brexit,Reason,1.0
1223158894744219648,brexit,Reason,1.0
1223156939884023808,brexit,Statement,1.0
1223156793431511041,brexit,Statement,1.0
1223156434239492096,brexit,Statement,0.67
1223153233708900353,brexit,Reason,0.67
1223153077521387521,brexit,Reason,1.0
1223152419502088192,brexit,Reason,0.67
1231580150829125639,brexit,Statement,0.67
1433798233273344002,abortion,None,1.0
1433570593232797701,abortion,Statement,1.0
1217817000199819264,brexit,Reason,1.0
1217815981789253638,brexit,Reason,0.67
1433952456757727232,abortion,Reason,1.0
1433640510711812097,abortion,None,0.67
1220862477803622401,brexit,Reason,1.0
1433601738121125891,abortion,Reason,1.0
1441291923986128899,abortion,Notification,1.0
1440165189156884486,abortion,Reason,0.67
1439993228753870852,abortion,Reason,0.67
1439993082813063171,abortion,Statement,0.67
1439992907147132930,abortion,Reason,1.0
1439953583236173833,abortion,Reason,0.67
1439919048075194373,abortion,Statement,1.0
1439918772840771589,abortion,Statement,1.0
1439892532935249920,abortion,Reason,1.0
1439892284129087489,abortion,Reason,1.0
1439892029564203008,abortion,Reason,1.0
1439769164286238722,abortion,Reason,1.0
1439769005401706498,abortion,Reason,1.0
1439768403665899521,abortion,Reason,1.0
1439691435880681478,abortion,Reason,1.0
1439689695072509952,abortion,Reason,1.0
1439670149779447809,abortion,Reason,0.67
1439670054312943618,abortion,Reason,1.0
1439659977128431617,abortion,Statement,0.67
1439659336570187785,abortion,Statement,1.0
1439579114369916938,abortion,Reason,1.0
1439511494941683716,abortion,None,1.0
1439511203106131969,abortion,Statement,1.0
1439510902487855106,abortion,None,1.0
1439037839287754753,abortion,None,1.0
1439018525373370368,abortion,Reason,0.67
1438963687361064969,abortion,Notification,0.67
1438882303103619074,abortion,Reason,1.0
1438882123528785921,abortion,Reason,1.0
1438791716585172994,abortion,None,1.0
1438772700764311552,abortion,Statement,1.0
1438704331658698755,abortion,Reason,1.0
1438702390035849217,abortion,Reason,1.0
1438693169026191360,abortion,Reason,1.0
1438692519802515456,abortion,Statement,1.0
1438691036738564103,abortion,Notification,1.0
1438688777241776133,abortion,Notification,1.0
1438687966277296135,abortion,Statement,0.67
1438687871607656450,abortion,Reason,1.0
1438687741240352771,abortion,Reason,1.0
1438687602819936261,abortion,Statement,1.0
1438687500118208512,abortion,None,1.0
1438625998828974081,abortion,Notification,1.0
1438615896529031169,abortion,None,1.0
1438615838815305732,abortion,Statement,1.0
1438615725195898887,abortion,Reason,1.0
1438615542546550786,abortion,None,1.0
1438610000859959327,abortion,Reason,1.0
1438598960143343625,abortion,Reason,1.0
1438598609637937157,abortion,Notification,0.67
1438596892087181319,abortion,Notification,0.67
1438593770455552005,abortion,Reason,1.0
1446729954306129924,abortion,Reason,1.0
1434796424881922053,abortion,Notification,1.0
1434796410076114944,abortion,Notification,1.0
1434796397069541378,abortion,Notification,1.0
1434796393873526786,abortion,Reason,1.0
1434072992871432193,abortion,Reason,1.0
1438207758025830406,abortion,Reason,1.0
1435966328041402368,abortion,Reason,1.0
1435764204619943936,abortion,Notification,0.67
1435611091455840266,abortion,None,1.0
1435607367853432832,abortion,Statement,1.0
1430897633103532038,abortion,Reason,1.0
1223393889291264002,brexit,Reason,0.67
1433425838641336321,abortion,Reason,1.0
1226092218311639042,brexit,Reason,1.0
1448348362923655169,abortion,Notification,1.0
1222578919036993536,brexit,None,1.0
1223201364156854273,brexit,Notification,1.0
1223201106488066048,brexit,None,1.0
1562872095058472964,abortion,Statement,0.67
1562869625431670791,abortion,Statement,1.0
1433859900912766979,abortion,Reason,1.0
1233544032405610498,brexit,Notification,1.0
1233528371633623044,brexit,Statement,1.0
1434267967454388225,abortion,Statement,0.67
1434130702237327364,abortion,None,1.0
1434707655927472128,abortion,Reason,1.0
1446806838742327299,abortion,None,1.0
1446806588321419271,abortion,Notification,1.0
1446805389471797253,abortion,Reason,1.0
1224136585144360960,brexit,Reason,1.0
1223753846582841344,brexit,Statement,1.0
1223744933766533123,brexit,Reason,1.0
1223730463153455105,brexit,Notification,1.0
1223729861950353411,brexit,None,0.67
1223728596809854977,brexit,Reason,1.0
1223712437205110787,brexit,Statement,1.0
1223711080905572355,brexit,None,1.0
1223678614123753472,brexit,Statement,1.0
1223644451458834433,brexit,Reason,1.0
1223640856307159040,brexit,Statement,1.0
1223607959160270849,brexit,Reason,0.67
1223601478067281921,brexit,Notification,1.0
1223592134504341504,brexit,Statement,1.0
1223586385417981954,brexit,Reason,0.67
1223569131032608769,brexit,Statement,0.67
1223568472480866309,brexit,None,1.0
1223555960175779840,brexit,Reason,0.67
1223554713959968769,brexit,Statement,0.67
1223547781975040002,brexit,Reason,1.0
1223541575915134977,brexit,Statement,0.67
1223538865882923009,brexit,Statement,1.0
1223528237059510272,brexit,None,1.0
1223528100107116546,brexit,Reason,1.0
1223526276515999745,brexit,Notification,1.0
1223524717639892997,brexit,Statement,1.0
1223524105795796992,brexit,Statement,1.0
1223516456916324353,brexit,None,1.0
1223515082048659458,brexit,Statement,1.0
1223510237581279233,brexit,Statement,0.67
1223504686474498048,brexit,Statement,1.0
1494303664529457156,lotrrop,Notification,1.0
1494450375595737103,lotrrop,Notification,1.0
1494449869452296201,lotrrop,Notification,1.0
1494448866518831116,lotrrop,None,0.67
1494448827150974994,lotrrop,Notification,1.0
1494448337881219120,lotrrop,None,0.67
1494439663129411591,lotrrop,None,0.67
1494434336636121095,lotrrop,Notification,1.0
1494432962997207052,lotrrop,Notification,1.0
1494432161197277192,lotrrop,Reason,1.0
1494415990288904194,lotrrop,Notification,1.0
1494415341056929796,lotrrop,None,1.0
1494413520171003915,lotrrop,Notification,1.0
1494410635328860162,lotrrop,Reason,1.0
1494401820269154308,lotrrop,Notification,1.0
1494401546897047561,lotrrop,Notification,1.0
1494392672227840001,lotrrop,Reason,1.0
1494388473817616390,lotrrop,None,1.0
1494388262928064514,lotrrop,None,0.67
1494387488332423174,lotrrop,Reason,1.0
1497668974015877122,lotrrop,Notification,1.0
1497996857464827906,lotrrop,Statement,1.0
1497947251796168706,lotrrop,Statement,1.0
1497947057876733954,lotrrop,Reason,1.0
1497946867237330944,lotrrop,None,1.0
1497913559510093828,lotrrop,None,1.0
1497865235721424896,lotrrop,Reason,0.67
1497864531317510147,lotrrop,None,1.0
1497859863174688769,lotrrop,None,1.0
1497736575244902400,lotrrop,Reason,0.67
1497735608768237570,lotrrop,Reason,1.0
1497733920946720769,lotrrop,Statement,0.67
1497733792894652417,lotrrop,Reason,1.0
1497714812033409031,lotrrop,Reason,1.0
1497713011745775621,lotrrop,None,1.0
1497712169563131906,lotrrop,Reason,1.0
1497708584645259266,lotrrop,Reason,0.67
1497708163109318658,lotrrop,Reason,1.0
1497700685655199758,lotrrop,Reason,1.0
1497698097803116544,lotrrop,Reason,1.0
1497694084550381569,lotrrop,Notification,1.0
1497693207617888270,lotrrop,Statement,1.0
1497684295317540868,lotrrop,Notification,1.0
1497682105580412930,lotrrop,Statement,1.0
1497674559515942914,lotrrop,Notification,0.67
1493325176276140037,lotrrop,Reason,1.0
1493380964516519938,lotrrop,Reason,0.67
1493380775567405057,lotrrop,Reason,1.0
1493380270661283840,lotrrop,Reason,1.0
1493376110620520452,lotrrop,None,1.0
1493374022876381185,lotrrop,Reason,1.0
1493373477788782594,lotrrop,Reason,1.0
1493325229225136128,lotrrop,Notification,1.0
1491893423019896832,lotrrop,Reason,1.0
1492200996482727946,lotrrop,Reason,1.0
1491908180737150976,lotrrop,Reason,1.0
1491894892066480137,lotrrop,Reason,1.0
1491893436902948865,lotrrop,Reason,1.0
1491893435028185091,lotrrop,Reason,1.0
1491893432901685253,lotrrop,Reason,1.0
1491893431173619714,lotrrop,Reason,1.0
1491893429386756101,lotrrop,Reason,1.0
1491893427692261384,lotrrop,Reason,1.0
1491893426048147467,lotrrop,Reason,1.0
1491764566875074561,lotrrop,Notification,1.0
1491860257848668163,lotrrop,None,1.0
1496439142871412736,lotrrop,Reason,1.0
1498367874397880324,lotrrop,Statement,1.0
1496525944626028555,lotrrop,Statement,1.0
1496524640570724352,lotrrop,Reason,0.67
1496523594528079879,lotrrop,Statement,1.0
1496522769592422404,lotrrop,Reason,1.0
1496522097983725574,lotrrop,Reason,1.0
1496520958240243719,lotrrop,Reason,1.0
1496520217819852801,lotrrop,Notification,1.0
1496520155152670722,lotrrop,Notification,1.0
1496520112857301002,lotrrop,Notification,1.0
1496520028107296773,lotrrop,Reason,1.0
1496519976592752654,lotrrop,Reason,1.0
1496519826004746245,lotrrop,Reason,1.0
1496519670639300608,lotrrop,Statement,1.0
1496519577269944327,lotrrop,Statement,1.0
1496519498253406208,lotrrop,None,1.0
1496519367856730114,lotrrop,Reason,1.0
1496506476340330502,lotrrop,Reason,1.0
1496505188596826116,lotrrop,Reason,0.67
1496505010556919809,lotrrop,Reason,1.0
1496503555401949186,lotrrop,Reason,0.67
1496503384085573634,lotrrop,Reason,1.0
1496503033861222402,lotrrop,Reason,1.0
1496490104625545216,lotrrop,Statement,1.0
1496489704467877895,lotrrop,Reason,0.67
1496489204494352386,lotrrop,Reason,0.67
1496488509158432773,lotrrop,Reason,1.0
1496485355658387465,lotrrop,Reason,1.0
1496484421125480450,lotrrop,Statement,0.67
1496481762351984649,lotrrop,Statement,1.0
1496481166228168711,lotrrop,Reason,1.0
1496478971969609728,lotrrop,Reason,1.0
1496470819265986564,lotrrop,Reason,1.0
1496463904062550016,lotrrop,Reason,1.0
1496463346459107333,lotrrop,Reason,1.0
1497213359674044419,lotrrop,Reason,1.0
1497246458680156180,lotrrop,Notification,1.0
1498039440849047552,lotrrop,Notification,0.67
1498189072287690754,lotrrop,Statement,0.67
1498085893122396160,lotrrop,None,1.0
1498072746458112002,lotrrop,None,1.0
1498054760955408386,lotrrop,None,1.0
1498050275747110914,lotrrop,Reason,1.0
1498049980732301313,lotrrop,Statement,0.67
1498049739572477958,lotrrop,None,1.0
1498049108979982341,lotrrop,Notification,1.0
1498042373103702019,lotrrop,Statement,1.0
1498040947417956353,lotrrop,None,1.0
1498040150550618112,lotrrop,Notification,1.0
1492921560298106880,lotrrop,Notification,1.0
1492929763987623939,lotrrop,None,0.67
1493489451825311746,lotrrop,Notification,1.0
1493496953270902788,lotrrop,Statement,1.0
1493492901665460224,lotrrop,None,1.0
1493492091057491970,lotrrop,Notification,1.0
1493270369247150089,lotrrop,Reason,1.0
1493274390053769218,lotrrop,Reason,1.0
1497121664089264130,lotrrop,Reason,1.0
1497389742383501313,lotrrop,Reason,1.0
1497153240445693961,lotrrop,Reason,1.0
1497151653115416577,lotrrop,Reason,1.0
1497123657230946310,lotrrop,Statement,1.0
1496968391000735744,lotrrop,Notification,1.0
1496980292350799872,lotrrop,None,1.0
1496977149336571904,lotrrop,None,1.0
1493038804793532416,lotrrop,Notification,1.0
1493040563406340099,lotrrop,Notification,1.0
1493040090318356487,lotrrop,Reason,1.0
1491394510764445698,lotrrop,Reason,0.67
1491426674311049218,lotrrop,Reason,0.67
1493261737654636548,lotrrop,Reason,1.0
1493298738487562241,lotrrop,Notification,1.0
1493273895432077316,lotrrop,Notification,1.0
1493051653959958531,lotrrop,Reason,0.67
1493055943919255553,lotrrop,Statement,0.67
1493055418444423173,lotrrop,Reason,1.0
1493054497874407424,lotrrop,Notification,1.0
1493390412433793024,lotrrop,Notification,1.0
1493391673455435778,lotrrop,Notification,1.0
1493391591611981826,lotrrop,Notification,1.0
1493391485961703427,lotrrop,Notification,1.0
1493391277408362504,lotrrop,Notification,1.0
1493390499431993351,lotrrop,Notification,1.0
1492698282753204231,lotrrop,Reason,1.0
1492887581775876099,lotrrop,Statement,1.0
1493102435727933441,lotrrop,Reason,0.67
1493307150034219009,lotrrop,Reason,0.67
1493105670446485504,lotrrop,Notification,0.67
1493105492071120896,lotrrop,None,1.0
1493105458311163905,lotrrop,Statement,1.0
1493105374764802048,lotrrop,Reason,0.67
1493105295878668289,lotrrop,Statement,0.67
1493103697353744385,lotrrop,None,1.0
1493661388970991618,lotrrop,Reason,1.0
1493752807886921733,lotrrop,None,1.0
1493049819505455106,lotrrop,Reason,1.0
1493061241077923842,lotrrop,Notification,1.0
1493055691585892352,lotrrop,None,1.0
1493055460286791682,lotrrop,Reason,1.0
1493053596531040256,lotrrop,Reason,0.67
1493051993019289601,lotrrop,Statement,1.0
1493051632099086340,lotrrop,Reason,0.67
1493050449234382848,lotrrop,Statement,1.0
1493050039924846592,lotrrop,None,1.0
1492946386601406470,lotrrop,Reason,1.0
1493148671491424260,lotrrop,Reason,1.0
1493103502503170049,lotrrop,Reason,1.0
1493103040362131459,lotrrop,Reason,1.0
1493003984314908673,lotrrop,Reason,1.0
1493000165522698240,lotrrop,Reason,1.0
1492997365652930561,lotrrop,Reason,1.0
1492979533267587077,lotrrop,Reason,1.0
1492970610179379204,lotrrop,Statement,1.0
1492967159244460036,lotrrop,Statement,1.0
1492954651221659648,lotrrop,None,1.0
1489251185454301193,lotrrop,Reason,1.0
1489312881896091649,lotrrop,None,1.0
1489299632685404160,lotrrop,None,1.0
1489258079963140097,lotrrop,Notification,1.0
1489257753910874113,lotrrop,Notification,1.0
1489254898088628234,lotrrop,Notification,1.0
1489254556089602048,lotrrop,Reason,1.0
1489252340569829384,lotrrop,Notification,1.0
1493203757441634307,lotrrop,Reason,1.0
1493857373416574980,lotrrop,None,0.67
1493836648354033665,lotrrop,None,0.67
1493534574881742849,lotrrop,Reason,1.0
1493532157872345089,lotrrop,Reason,1.0
1493531543926865921,lotrrop,Reason,1.0
1493530922150502401,lotrrop,None,1.0
1493530369278488576,lotrrop,Notification,1.0
1493529201344974848,lotrrop,None,1.0
1493528645620670464,lotrrop,Reason,1.0
1493528191549513729,lotrrop,Reason,1.0
1493445178941526019,lotrrop,Statement,1.0
1493441909574012928,lotrrop,Reason,1.0
1493378353436381184,lotrrop,Reason,1.0
1493362259111944194,lotrrop,Reason,1.0
1493357631901102081,lotrrop,Statement,0.67
1493355699333742596,lotrrop,Reason,1.0
1493349275585204224,lotrrop,Notification,0.67
1493225526298828805,lotrrop,Statement,1.0
1122720555008872448,got,Reason,0.67
1123135774000435200,got,Notification,1.0
1122863470062387202,got,Notification,0.67
1122807213242798080,got,None,1.0
1122724116035821569,got,None,1.0
1122722958827499524,got,Notification,0.67
1122722301101789185,got,Statement,1.0
1122721023726686208,got,Notification,1.0
1117719675733934080,got,Notification,1.0
1118002826951766016,got,None,1.0
1117792202900606976,got,None,1.0
1117760429709832193,got,None,1.0
1120210394444914688,got,Notification,1.0
1120278123008942080,got,None,1.0
1120275879173791745,got,Statement,0.67
1120266734555021313,got,Notification,1.0
1120266359974371328,got,Notification,1.0
1120266092176388097,got,Notification,1.0
1120265520744419328,got,Notification,1.0
1120263065587585024,got,Notification,1.0
1120262733100924928,got,Reason,0.67
1120250881679740928,got,Notification,1.0
1120238852071985152,got,None,1.0
1120238692805873664,got,Notification,1.0
1120224673151836160,got,None,1.0
1120224512333758465,got,Notification,0.67
1120224236793159681,got,None,1.0
1119504892064931841,got,Notification,1.0
1119578856967606272,got,Notification,1.0
1119533635344982016,got,None,1.0
1119529659648102403,got,Reason,1.0
1119520135658770433,got,None,1.0
1119515271004393472,got,None,1.0
1119515130683961344,got,None,1.0
1119513328424902656,got,Statement,1.0
1119510856402915328,got,None,1.0
1119505119358406656,got,None,1.0
1117509728156966913,got,Notification,1.0
1117817794618384390,got,Notification,1.0
1117747632825425921,got,Notification,1.0
1117720802353348608,got,Notification,1.0
1117553572542058496,got,None,1.0
1119780759949021189,got,Notification,1.0
1119994093332062210,got,Reason,1.0
1119820141284352006,got,Reason,1.0
1119789098678374400,got,Reason,1.0
1119784022064926720,got,Reason,1.0
1119780999846453251,got,Notification,1.0
1123343907759239170,got,Notification,1.0
1123654209142964225,got,None,1.0
1123600311099244544,got,Statement,0.67
1123592643387232256,got,None,1.0
1122665937134661632,got,Notification,1.0
1122670067907538944,got,Notification,0.67
1122666516296679424,got,Reason,1.0
1122466066582708224,got,Notification,1.0
1122539195568992261,got,Notification,1.0
1122517077502365696,got,Notification,1.0
1122512012653809666,got,Notification,1.0
1122495206887186432,got,Notification,1.0
1122469362659672064,got,Notification,1.0
1122468894835380224,got,Notification,1.0
1113199062344458241,got,Reason,0.67
1113202499345948674,got,Statement,1.0
1113776731196928000,got,Notification,1.0
1114187450786701315,got,Notification,0.67
1114183601376190464,got,Statement,0.67
1114183060583530498,got,Notification,1.0
1113888495540539392,got,Reason,0.67
1113825207129649154,got,Statement,0.67
1113824874026369026,got,Reason,0.67
1113810778371514368,got,Notification,1.0
1113809683469488128,got,Notification,0.67
1113809211895500800,got,None,1.0
1113807636410060806,got,Notification,0.67
1113805803511865344,got,Reason,1.0
1113795480977313792,got,Notification,1.0
1113793490675277824,got,Reason,1.0
1113790657418747904,got,None,0.67
1113778772933849088,got,Notification,1.0
1123254386883534848,got,Reason,1.0
1123298514820378624,got,Reason,1.0
1123297923540951041,got,Statement,1.0
1123261308948893696,got,Notification,1.0
1122691027612180480,got,Statement,1.0
1122692005530877959,got,Notification,1.0
1122213657457385473,got,Notification,1.0
1122818136196231169,got,None,1.0
1122650230476951552,got,Statement,0.67
1122485667555094528,got,None,1.0
1122433245314977793,got,None,1.0
1122385748802572288,got,Notification,1.0
1122249375768612872,got,None,1.0
1122238382581735425,got,Reason,1.0
1122236669669838851,got,Statement,0.67
1122236364043558914,got,Notification,1.0
1122236200092356608,got,Statement,1.0
1122235949281357831,got,None,1.0
1122235129508827137,got,None,1.0
1122228571911725057,got,Reason,1.0
1122227407535185927,got,None,1.0
1122220470269554688,got,None,1.0
1122219907058479105,got,None,1.0
1122219594951876608,got,Undecided,0.33
1122219388634050561,got,Notification,0.67
1122217741371486209,got,Reason,1.0
1122216221624156160,got,None,1.0
1122215534081335296,got,None,1.0
1122215463172362240,got,None,1.0
1122214560490979328,got,Notification,1.0
1122214443054710784,got,Reason,1.0
1122689584268181507,got,Notification,1.0
1122940772611833856,got,Reason,1.0
1122875238285492228,got,Statement,1.0
1122871866308251649,got,Statement,1.0
1122871640314920960,got,Reason,1.0
1113633060774346753,got,Notification,1.0
1114615331874537472,got,Reason,1.0
1113637401942024193,got,Reason,1.0
1113636664088436738,got,Reason,1.0
1113634308391149568,got,Reason,1.0
1117643904671735809,got,Reason,1.0
1117890452529848320,got,Reason,1.0
1117846669901672450,got,Reason,1.0
1117836772472492034,got,None,1.0
1117753620144037889,got,Reason,1.0
1117705912066740224,got,None,1.0
1117654895631503360,got,Reason,1.0
1123273478323490816,got,Notification,0.67
1123437007550779392,got,None,1.0
1123399350556737537,got,None,1.0
1123314617751617538,got,None,1.0
1123301304590225408,got,Statement,1.0
1123296317403541504,got,None,1.0
1123289476397191168,got,None,1.0
1123285661430231040,got,None,1.0
1123274133469417472,got,Notification,0.67
1123273588352667653,got,Notification,0.67
1117071099320315904,got,Notification,1.0
1117329009531138049,got,Reason,0.67
1117305413853155328,got,Statement,1.0
1117300176815841281,got,Notification,1.0
1117081476909154304,got,Notification,0.67
1117078572471136258,got,Reason,0.67
1117073486885867520,got,Reason,1.0
1118856240292143104,got,Notification,1.0
1145369797049421825,got,None,1.0
1120027479849172993,got,None,1.0
1120027293928308740,got,None,1.0
1120027151976284160,got,Reason,0.67
1120026972602736640,got,None,0.67
1120026757007052800,got,Reason,1.0
1120026522331623424,got,Statement,1.0
1120026474273288197,got,None,1.0
1120026330618302469,got,None,1.0
1120026306245271553,got,None,1.0
1120026110924853254,got,None,1.0
1119158203718070273,got,None,1.0
1119040268152520705,got,Statement,0.67
1119039930381021185,got,None,1.0
1119023268965638144,got,Notification,0.67
1119022933991665664,got,Notification,1.0
1118994571214692352,got,None,1.0
1118933048060522497,got,Notification,1.0
1118903583943086085,got,None,1.0
1118866353740550144,got,None,1.0
1118866001922351104,got,None,1.0
1116320663785046017,got,Notification,1.0
1116725718602452995,got,None,1.0
1116724461087219713,got,Reason,0.67
1116536864163364864,got,None,1.0
1122683366913003520,got,Statement,0.67
1122684674474745856,got,None,1.0
1122873140454019079,got,Notification,0.67
1123026924962496513,got,None,1.0
1123015072731869185,got,None,1.0
1118129663992266753,got,Notification,1.0
1118786143309443072,got,Reason,0.67
1118463882828419072,got,Reason,1.0
1118445037833080832,got,Reason,1.0
1118409642042953728,got,None,1.0
1118402445611274240,got,None,1.0
1118179248748015617,got,Notification,1.0
1118172711208062976,got,None,1.0
1118129685882388482,got,Reason,1.0
1118129682573082626,got,Reason,1.0
1118129679297388546,got,Reason,1.0
1118129675841282049,got,Reason,1.0
1118129672083189760,got,Reason,1.0
1118129667771379713,got,Reason,1.0
1117286670452133888,got,Notification,1.0
1117323370750722049,got,None,1.0
1440140280393441286,squidgame,Notification,1.0
1440144650845626377,squidgame,None,1.0
1440141022026092551,squidgame,None,1.0
1440140732933808128,squidgame,None,1.0
1440140685684842500,squidgame,None,1.0
1440140391081078794,squidgame,None,1.0
1445315164861992963,squidgame,Reason,0.67
1445378297936842754,squidgame,Statement,0.67
1445371193335246848,squidgame,Reason,0.67
1445315189255987203,squidgame,Notification,0.67
1445315174387179520,squidgame,Notification,1.0
1442984567636385794,squidgame,Reason,1.0
1445661189556498436,squidgame,None,1.0
1443312963688009731,squidgame,None,1.0
1443304707246759937,squidgame,None,1.0
1443272930385879044,squidgame,None,0.67
1443250682082086920,squidgame,Notification,1.0
1443164209332817926,squidgame,None,1.0
1443163531491352581,squidgame,None,1.0
1443163186442670087,squidgame,Reason,1.0
1443162502179786753,squidgame,Statement,1.0
1443093997820407808,squidgame,Reason,1.0
1443047650266423298,squidgame,Statement,1.0
1443012125534871552,squidgame,Notification,1.0
1445505797065084931,squidgame,Notification,1.0
1445885662452850690,squidgame,None,0.67
1445884859654672386,squidgame,Reason,1.0
1445769449550671873,squidgame,Reason,0.67
1445766366946947076,squidgame,Reason,0.67
1445618391830589442,squidgame,Notification,1.0
1445599357894463497,squidgame,Reason,0.67
1445578035738992647,squidgame,Reason,1.0
1445576785026969609,squidgame,Reason,0.67
1445571320691900426,squidgame,None,1.0
1445552898260172803,squidgame,None,0.67
1445536712747208717,squidgame,Statement,0.67
1445519319652192262,squidgame,Undecided,0.33
1442588203110764544,squidgame,Notification,0.67
1445401460947226628,squidgame,Notification,0.67
1443037799305912321,squidgame,None,1.0
1443037759015473162,squidgame,None,1.0
1442940451162521601,squidgame,Notification,1.0
1442672606369521667,squidgame,Notification,1.0
1442591998439919619,squidgame,Reason,1.0
1442590620556668930,squidgame,None,1.0
1442588883846266885,squidgame,None,0.67
1444955587138228226,squidgame,Notification,1.0
1445236618722426885,squidgame,None,1.0
1445114629722624007,squidgame,None,0.67
1445054005843988485,squidgame,Reason,0.67
1445052191950221320,squidgame,Notification,1.0
1445038468946554882,squidgame,None,1.0
1445029435514793988,squidgame,None,0.67
1445028794717274112,squidgame,None,1.0
1445025759815512065,squidgame,Statement,0.67
1445024152910503936,squidgame,None,1.0
1444956333812469761,squidgame,Undecided,0.33
1439535687145902080,squidgame,Notification,1.0
1439846011464155139,squidgame,Notification,1.0
1439841271632252930,squidgame,Notification,1.0
1439595811973652480,squidgame,None,1.0
1439586155511508998,squidgame,None,1.0
1439585794591641602,squidgame,None,1.0
1439551761513996301,squidgame,None,0.67
1439540035682910208,squidgame,None,0.67
1439536211945611265,squidgame,None,1.0
1439535947314393088,squidgame,None,1.0
1445598352821809155,squidgame,Notification,1.0
1445978609051570178,squidgame,None,0.67
1445976547353980936,squidgame,None,1.0
1445885330784014339,squidgame,None,0.67
1445875971257602052,squidgame,None,0.67
1445733603544027139,squidgame,None,0.67
1445731483734343680,squidgame,Notification,0.67
1445613440802844684,squidgame,Reason,0.67
1445611782400208902,squidgame,None,0.67
1445604115820597250,squidgame,Reason,0.67
1445603719274323970,squidgame,Reason,0.67
1445603144101089283,squidgame,Reason,0.67
1445602712800821257,squidgame,Reason,1.0
1445602101199978506,squidgame,Reason,0.67
1445600848889843712,squidgame,Reason,0.67
1445599983747489793,squidgame,None,1.0
1438920329410191361,squidgame,Notification,0.67
1438966586807709696,squidgame,None,1.0
1438962801175777281,squidgame,Reason,1.0
1438958995377623050,squidgame,None,0.67
1438951294798942210,squidgame,None,1.0
1438950268578648067,squidgame,None,1.0
1438948052350521353,squidgame,None,1.0
1438944095867588610,squidgame,None,1.0
1438940773945335808,squidgame,Notification,1.0
1438921598967312385,squidgame,Reason,1.0
1445445787773640711,squidgame,Notification,1.0
1455651960703438849,squidgame,None,1.0
1455027524111527936,squidgame,None,1.0
1451072336703090693,squidgame,Undecided,0.33
1445487186724339717,squidgame,None,1.0
1443559086654636040,squidgame,Notification,1.0
1443559191428358149,squidgame,None,1.0
1446116842007760898,squidgame,Notification,1.0
1446129819675086860,squidgame,Notification,1.0
1446123499005743107,squidgame,Undecided,0.33
1446119050606645266,squidgame,Notification,1.0
1446117950411264010,squidgame,None,1.0
1439590747158695939,squidgame,Notification,1.0
1441609423982530567,squidgame,Notification,1.0
1441608807612698625,squidgame,None,1.0
1441595599967580161,squidgame,None,1.0
1441588942088769541,squidgame,Statement,1.0
1441587209547649031,squidgame,Notification,0.67
1441576129429577729,squidgame,Reason,1.0
1440894393947361283,squidgame,Notification,1.0
1440554311293935623,squidgame,None,1.0
1440470977855442948,squidgame,None,1.0
1440450754817368066,squidgame,None,1.0
1440100854032334854,squidgame,Statement,0.67
1439919615493099534,squidgame,None,0.67
1439863178641301505,squidgame,None,1.0
1439813336988745734,squidgame,None,1.0
1439796462200573952,squidgame,None,1.0
1439669339406299136,squidgame,None,1.0
1439614635229925380,squidgame,None,1.0
1443090151320834051,squidgame,Notification,1.0
1443090825357971456,squidgame,None,1.0
1443090593450704901,squidgame,Notification,1.0
1443090362361335809,squidgame,Notification,1.0
1444857522658193413,squidgame,Notification,1.0
1445141725366865925,squidgame,None,1.0
1445138606742458370,squidgame,None,1.0
1445133684714115079,squidgame,Notification,0.67
1445098815770349570,squidgame,Notification,1.0
1445090034944811013,squidgame,None,0.67
1445004578244767745,squidgame,None,0.67
1444990264372645891,squidgame,None,0.67
1444989815624110083,squidgame,None,1.0
1444989346621313027,squidgame,Notification,1.0
1444988670730194950,squidgame,None,1.0
1444982673957474312,squidgame,None,1.0
1444976177937108994,squidgame,None,1.0
1444912778553163777,squidgame,Notification,1.0
1446344062894702606,squidgame,Notification,0.67
1446344065432256515,squidgame,Notification,0.67
1446188626015031296,squidgame,None,0.67
1446450656668266501,squidgame,None,1.0
1446424727044624387,squidgame,None,1.0
1446389127360962599,squidgame,Notification,1.0
1446385170827915288,squidgame,None,1.0
1446233410687619074,squidgame,Notification,0.67
1446195302466195460,squidgame,None,1.0
1446195200532041732,squidgame,Undecided,0.33
1446191731586785281,squidgame,Undecided,0.33
1446191263078883333,squidgame,None,1.0
1446190984056999936,squidgame,None,1.0
1446188983415984131,squidgame,Reason,1.0
1446188883025223680,squidgame,None,1.0
1441452296945106946,squidgame,Notification,1.0
1441792819773915137,squidgame,None,1.0
1441769840042151945,squidgame,None,1.0
1441762320644861962,squidgame,Statement,1.0
1441758082854383621,squidgame,None,1.0
1441757967364149250,squidgame,None,1.0
1441669575150424066,squidgame,Reason,1.0
1441582014788816899,squidgame,Notification,1.0
1441465871264673796,squidgame,Notification,1.0
1441465603248693253,squidgame,Notification,1.0
1441465483769774082,squidgame,Reason,1.0
1441464704258306052,squidgame,None,1.0
1441452624109178886,squidgame,Notification,1.0
1443547244540669954,squidgame,Notification,1.0
1443550249700642819,squidgame,None,1.0
1443548376218279936,squidgame,None,1.0
1443547767243161607,squidgame,None,1.0
1443547609105256451,squidgame,None,1.0
1443855954269908995,squidgame,Notification,1.0
1443990239278678023,squidgame,None,1.0
1443941927720677379,squidgame,None,0.67
1443933240478343177,squidgame,None,1.0
1443856884969115651,squidgame,None,1.0
1442859893489209353,squidgame,Notification,1.0
1442876957591412736,squidgame,None,1.0
1442870272189612032,squidgame,Notification,1.0
1442861459835260933,squidgame,None,1.0
1442860696392200200,squidgame,None,1.0
1442860451113488388,squidgame,None,1.0
1442860188361379846,squidgame,None,1.0
1442860106572460036,squidgame,None,1.0
1439284203158315012,squidgame,Notification,1.0
1439645565537513475,squidgame,Notification,1.0
1439636226462699525,squidgame,Notification,1.0
1439473189545934848,squidgame,Notification,1.0
1439459852875665409,squidgame,Notification,0.67
1439458823803006981,squidgame,Notification,0.67
1439458449700630532,squidgame,Reason,1.0
1439456449164300290,squidgame,Reason,1.0
1439451490121359364,squidgame,Notification,0.67
1439450342408740865,squidgame,Notification,1.0
1439442670749986816,squidgame,None,1.0
1439290918641700867,squidgame,Reason,1.0
1439290171699175424,squidgame,Reason,1.0
1439288209683345409,squidgame,None,1.0
1444837942128623627,squidgame,Notification,1.0
1445150929792110598,squidgame,None,1.0
1444850790900723714,squidgame,None,1.0
1444849452796321794,squidgame,None,0.67
1444848701004865536,squidgame,None,0.67
1444848634630131712,squidgame,None,0.67
1444843415280111616,squidgame,None,1.0
1444840998467772423,squidgame,None,1.0
1444838454282448896,squidgame,None,1.0
1444838327388155905,squidgame,None,0.67
1441575408109953033,squidgame,Notification,1.0
1441797910614605830,squidgame,Notification,1.0
1441777934826622981,squidgame,Reason,0.67
1441753300198592518,squidgame,None,1.0
1441751319811817477,squidgame,Notification,0.67
1441617245197660166,squidgame,None,1.0
1441575411108888583,squidgame,Notification,1.0
1446123359650025483,squidgame,Notification,0.67
1448967345230135296,squidgame,None,0.67
1447794105602514945,squidgame,Notification,1.0
1446502911601610757,squidgame,None,0.67
1446470174115205129,squidgame,Notification,0.67
1446396168309657603,squidgame,None,0.67
1446153975657533441,squidgame,None,0.67
1446123700277841930,squidgame,Notification,1.0
1518718458871095296,twittertakeover,Notification,1.0
1533738538323562496,twittertakeover,Notification,1.0
1526831929886224384,twittertakeover,Notification,1.0
1518924310487781376,twittertakeover,Notification,1.0
1518924216812425218,twittertakeover,Notification,1.0
1518720135711936513,twittertakeover,None,0.67
1519125493299257345,twittertakeover,Notification,0.67
1519283510044938240,twittertakeover,None,1.0
1519165341720588292,twittertakeover,Notification,1.0
1519162579905560576,twittertakeover,None,0.67
1519126475357708289,twittertakeover,None,1.0
1519126073077903362,twittertakeover,None,1.0
1515022271479525386,twittertakeover,Reason,1.0
1515227955869646848,twittertakeover,Reason,1.0
1515036190096834560,twittertakeover,Reason,1.0
1514638868355633155,twittertakeover,Reason,1.0
1515611739714379778,twittertakeover,Reason,1.0
1514927898548969475,twittertakeover,Reason,1.0
1514927437045542913,twittertakeover,Statement,1.0
1514920499163320324,twittertakeover,None,1.0
1514807006430867459,twittertakeover,Reason,0.67
1514806133713608710,twittertakeover,Undecided,0.33
1514783316460797968,twittertakeover,Reason,1.0
1514704227280596999,twittertakeover,Reason,1.0
1515022683557216266,twittertakeover,Reason,1.0
1515227647676416002,twittertakeover,Reason,1.0
1515184351818186756,twittertakeover,Reason,0.67
1515120212453986304,twittertakeover,Statement,1.0
1515100531953442821,twittertakeover,Reason,1.0
1515096430666559492,twittertakeover,Statement,1.0
1515078655654825985,twittertakeover,Reason,1.0
1515074426169020418,twittertakeover,Notification,1.0
1515055441759248385,twittertakeover,Reason,1.0
1515039596899446804,twittertakeover,Notification,1.0
1515032801455886347,twittertakeover,None,1.0
1514703615059017731,twittertakeover,Reason,1.0
1515476440287891459,twittertakeover,Notification,1.0
1515229005603287041,twittertakeover,Reason,1.0
1515118694753468416,twittertakeover,Reason,1.0
1515068877817929730,twittertakeover,Reason,0.67
1515002853261451265,twittertakeover,None,1.0
1514976909981270026,twittertakeover,Reason,0.67
1514975617221111817,twittertakeover,Notification,1.0
1514975364115832835,twittertakeover,None,0.67
1514969373034913797,twittertakeover,Notification,1.0
1514716305768779783,twittertakeover,None,1.0
1514650430881644548,twittertakeover,Reason,1.0
1514652803695796228,twittertakeover,Reason,1.0
1514652394415702022,twittertakeover,Reason,1.0
1518827605323132929,twittertakeover,Notification,1.0
1518832395826479104,twittertakeover,Undecided,0.33
1519978700728635393,twittertakeover,Notification,0.67
1520027215316070401,twittertakeover,Statement,0.67
1519980073776041984,twittertakeover,None,0.67
1514613876536451095,twittertakeover,Reason,1.0
1514810476810571779,twittertakeover,Notification,1.0
1514807287113662468,twittertakeover,Reason,1.0
1514807046553493506,twittertakeover,Reason,1.0
1514805758814089218,twittertakeover,Notification,0.67
1514805277815558144,twittertakeover,Reason,1.0
1514804965625118722,twittertakeover,Reason,1.0
1514804229306662917,twittertakeover,Notification,1.0
1514803736840851474,twittertakeover,Notification,1.0
1514803271671582722,twittertakeover,Reason,1.0
1514803118541664258,twittertakeover,Reason,1.0
1514799466674499585,twittertakeover,Reason,1.0
1514798496586510344,twittertakeover,Statement,1.0
1514795470068981766,twittertakeover,Statement,1.0
1514794624300113926,twittertakeover,Notification,0.67
1514621857596686339,twittertakeover,Reason,1.0
1514616575734607878,twittertakeover,Reason,1.0
1514615813256343554,twittertakeover,None,1.0
1512451897487208453,twittertakeover,Reason,0.67
1512496294945820679,twittertakeover,None,1.0
1512484414592225284,twittertakeover,None,0.67
1518696215227080704,twittertakeover,Reason,1.0
1518835529323794437,twittertakeover,Reason,0.67
1518773861650731008,twittertakeover,None,1.0
1518767917843812355,twittertakeover,Undecided,0.33
1518764190630129664,twittertakeover,Reason,0.67
1518762481145032705,twittertakeover,None,0.67
1518751871434854400,twittertakeover,Statement,1.0
1518701317459427331,twittertakeover,Reason,1.0
1519015307649728512,twittertakeover,Statement,0.67
1519105386527301633,twittertakeover,None,1.0
1519027554392236032,twittertakeover,None,1.0
1519027326335520769,twittertakeover,None,1.0
1519026972063453184,twittertakeover,None,1.0
1519026718354280448,twittertakeover,None,1.0
1519026011857379329,twittertakeover,Notification,1.0
1519025661926465536,twittertakeover,None,0.67
1519025511531532288,twittertakeover,None,0.67
1519025333713858561,twittertakeover,None,1.0
1519025108500848641,twittertakeover,None,1.0
1519024662402928641,twittertakeover,None,0.67
1519024100567654400,twittertakeover,Notification,1.0
1519023150629277696,twittertakeover,None,1.0
1519022811221790724,twittertakeover,None,1.0
1519021792983420933,twittertakeover,None,1.0
1519021397821042689,twittertakeover,None,1.0
1519020279217139712,twittertakeover,None,1.0
1519018997357760514,twittertakeover,None,1.0
1519016114499555339,twittertakeover,None,1.0
1519015649602723846,twittertakeover,None,1.0
1519236919473086464,twittertakeover,Reason,0.67
1519310810530557952,twittertakeover,Statement,1.0
1514865858736123904,twittertakeover,Notification,1.0
1514866841570656270,twittertakeover,Statement,1.0
1514623784933765121,twittertakeover,Notification,1.0
1515197374783758336,twittertakeover,Notification,1.0
1514687906878980096,twittertakeover,Notification,1.0
1514984760510144515,twittertakeover,Notification,1.0
1514984424709914629,twittertakeover,None,1.0
1514861230468440064,twittertakeover,None,1.0
1514813102189334532,twittertakeover,Reason,1.0
1514719954787991562,twittertakeover,None,1.0
1514694987111403520,twittertakeover,Statement,0.67
1514694931184779264,twittertakeover,Reason,0.67
1514694878923427842,twittertakeover,Statement,1.0
1514692710468583424,twittertakeover,Notification,1.0
1514688356038623232,twittertakeover,Notification,1.0
1515075645289615360,twittertakeover,Notification,1.0
1515102012287111170,twittertakeover,None,0.67
1518695445605847040,twittertakeover,Notification,1.0
1518842250066903040,twittertakeover,None,1.0
1518765481255178243,twittertakeover,None,1.0
1518741105512169472,twittertakeover,None,1.0
1518738388978913281,twittertakeover,None,1.0
1518703454088278018,twittertakeover,Notification,0.67
1518702322171498497,twittertakeover,None,0.67
1514649342593933314,twittertakeover,Notification,1.0
1515444578916216836,twittertakeover,None,1.0
1514649345194344457,twittertakeover,Notification,1.0
1514649343977996295,twittertakeover,Notification,1.0
1512354564997005315,twittertakeover,Reason,1.0
1512442965008035843,twittertakeover,None,1.0
1512435587537686531,twittertakeover,None,1.0
1512411680726302727,twittertakeover,None,1.0
1512395950425264129,twittertakeover,None,1.0
1512386073632161793,twittertakeover,None,1.0
1512362722909986817,twittertakeover,None,1.0
1512357875754184708,twittertakeover,None,1.0
1518675923620442112,twittertakeover,Notification,1.0
1518686145185472517,twittertakeover,None,1.0
1518682330583289856,twittertakeover,Notification,1.0
1518682271209123841,twittertakeover,None,1.0
1518677257661091841,twittertakeover,None,1.0
1518676184489500672,twittertakeover,Statement,0.67
1518716986309718016,twittertakeover,Statement,0.67
1518864087937081344,twittertakeover,Notification,1.0
1518858094704484352,twittertakeover,Notification,1.0
1518857946687492098,twittertakeover,None,1.0
1518846517934710784,twittertakeover,Statement,0.67
1518846108247760899,twittertakeover,Undecided,0.33
1518845148091793414,twittertakeover,Reason,1.0
1518844503439904769,twittertakeover,Reason,1.0
1518844440898674688,twittertakeover,None,0.67
1518842406355058688,twittertakeover,Reason,1.0
1518666899629875200,twittertakeover,Notification,1.0
1518771033104297984,twittertakeover,Statement,1.0
1518667277432147968,twittertakeover,None,0.67
1518684347850764288,twittertakeover,Statement,0.67
1518841400967770113,twittertakeover,Notification,1.0
1518686552846749696,twittertakeover,Notification,1.0
1518685835624947712,twittertakeover,Reason,1.0
1518685409823412224,twittertakeover,None,1.0
