tweet_id,class,class_pred
1438252969200394244,1,0
1435007518640689155,1,2
1433706737505292303,2,2
1433744599357562884,1,1
1438245556409798663,1,1
1439978589399789583,2,2
1434630848498728961,2,2
1435221550802800642,1,0
1444576148432719875,0,2
1446483371337596930,1,1
1443273626866761729,2,2
1434879194547331079,1,0
1433174738134839296,0,0
1448978846749974530,2,2
1435161293267292160,0,0
1448853008452890647,3,0
1437980874100805632,0,0
1433588929526214791,2,2
1433780955571884037,3,2
1442796972864425984,0,0
1433565667467448320,1,1
1225001881774235648,0,0
1220010233264820224,0,0
1223264374229434368,2,2
1225056975614087168,1,1
1230061029457047554,2,2
1230137945618812929,0,2
1222458544844394497,1,0
1228649495703040000,2,0
1217501700963086336,3,2
1220843687342747649,0,0
1222786476636663808,3,1
1216020878061907969,0,1
1223403753107349504,1,1
1226237049038163970,0,0
1233716155065470976,0,1
1213591513176956929,0,0
1219231896065933313,0,0
1224597226288308224,2,0
1230040458841251840,0,0
1231552789068730371,2,2
1223122045623513088,0,2
1213809032634552320,2,2
1216021749990555649,0,2
1222074028153884672,2,0
1223492213272973314,0,0
1223604405041336320,0,0
1223817985317425154,2,1
1231873902923722752,0,2
1233352051234672642,2,2
1432933342043770881,2,0
1434190849991057411,3,1
1442774360905895938,0,2
1448847453084659713,2,2
1222648074977398784,0,1
1228996201695105027,2,2
1231578425640484864,2,2
1433053774646501380,2,2
1433303681185812484,2,2
1437900320017838082,1,1
1443054048068911105,0,0
1223278665032773634,1,1
1223016035999277056,3,2
1434140236892852228,2,2
1219352199635095552,3,3
1223314152401313793,3,3
1220645792110739461,0,0
1220269774460137474,0,0
1433296775016812544,0,0
1433224417002377221,1,1
1224004117804265472,1,1
1223951948648517632,0,0
1223934689133527040,1,1
1223933819587350529,1,3
1223933745390067713,1,1
1221804937912471552,0,0
1433174749593604098,0,0
1433174741477732370,0,0
1430259645579464708,3,3
1428841984114892800,2,0
1223539249271791616,1,1
1435451926938783751,1,1
1224683457722359810,0,1
1220267628717125633,1,0
1439051237677277190,2,2
1438875255100125186,2,2
1223156434239492096,1,1
1223153233708900353,0,0
1433640510711812097,3,3
1439659336570187785,1,0
1433425838641336321,0,1
1223201364156854273,2,2
1562872095058472964,1,1
1446806838742327299,3,3
1223753846582841344,1,1
1223711080905572355,3,1
1223526276515999745,2,3
1494401546897047561,2,2
1491893423019896832,0,0
1496525944626028555,1,3
1496524640570724352,0,0
1496522097983725574,0,0
1496519498253406208,3,1
1496505188596826116,0,0
1496503033861222402,0,0
1492929763987623939,3,2
1497123657230946310,1,0
1493054497874407424,2,2
1493390412433793024,2,2
1493102435727933441,0,0
1493055460286791682,0,1
1493103502503170049,0,0
1493003984314908673,0,0
1492997365652930561,0,0
1489258079963140097,2,2
1493528645620670464,0,0
1120210394444914688,2,2
1120263065587585024,2,3
1119529659648102403,0,1
1119994093332062210,0,0
1119789098678374400,0,1
1122539195568992261,2,2
1122512012653809666,2,2
1122468894835380224,2,0
1113809211895500800,3,3
1122213657457385473,2,1
1122818136196231169,3,3
1122219907058479105,3,1
1122214443054710784,0,1
1122875238285492228,1,1
1122871640314920960,0,0
1113637401942024193,0,0
1117846669901672450,0,1
1117071099320315904,2,2
1117081476909154304,2,3
1118856240292143104,2,2
1145369797049421825,3,3
1118463882828419072,0,1
1445371193335246848,0,0
1445766366946947076,0,0
1445599357894463497,0,0
1439540035682910208,3,3
1445611782400208902,3,0
1438920329410191361,2,0
1438940773945335808,2,2
1445445787773640711,2,2
1441608807612698625,3,3
1439813336988745734,3,3
1444989346621313027,2,0
1446233410687619074,2,0
1441465483769774082,0,0
1443941927720677379,3,3
1442859893489209353,2,2
1442860106572460036,3,3
1439459852875665409,2,2
1439451490121359364,2,0
1439288209683345409,3,3
1441797910614605830,2,2
1446123359650025483,2,2
1446396168309657603,3,3
1514920499163320324,3,3
1514704227280596999,0,0
1514716305768779783,3,3
1514799466674499585,0,0
1519105386527301633,3,3
1519025661926465536,3,3
1519025511531532288,3,3
1519020279217139712,3,3
1519015649602723846,3,3
1514813102189334532,0,1
1518765481255178243,3,3
1518738388978913281,3,3
1518677257661091841,3,3
1518685409823412224,3,0
1434684413246197763,0,0
1429383278163804163,0,0
1434209623330983936,2,2
1430897628095520781,0,0
1431244750116564992,2,0
1439579154014429193,2,2
1439620303479615491,2,2
1439987749465964548,2,2
1434512370341142530,0,2
1433429236363128842,1,0
1444380252386566150,2,2
1432411176764428289,3,0
1433151766485520384,2,2
1448518727809605637,0,0
1433188517991960581,1,0
1433624869997010951,1,1
1212772743919415299,2,2
1231907386073346048,2,2
1217960084816441346,0,0
1223312523795075072,2,2
1225835440370077696,2,2
1224375958645432320,2,0
1220654979393949697,2,2
1223313998000611330,3,1
1217559516117655553,0,0
1223495987391606785,3,0
1223381270417354757,2,2
1217825923476721665,0,0
1214154695624802304,3,0
1217896631703605253,2,2
1222629014269046784,3,1
1223224943409815553,2,2
1223387281844817920,2,0
1223925400436445189,2,2
1233416320168923137,2,0
1433049318412390407,2,0
1433119699135451144,0,0
1438593364195225608,2,2
1441107424425897984,0,0
1442882362438610944,2,2
1445402146892128263,2,2
1213219502219046919,2,0
1222934735627997185,2,2
1227566323221352449,0,0
1227630259169824770,2,2
1433986404850229248,0,0
1436010269419835394,2,0
1437930421828919297,2,0
1438191228961574913,0,0
1433904974879145984,0,0
1222837798903992320,0,1
1232329322897268739,1,3
1440130467957780484,0,0
1444748958807609355,0,0
1220647132258078720,2,2
1220096682869784576,1,1
1220096318724562946,1,0
1436309914671067159,2,2
1436307796329369601,2,2
1223955912135671808,0,0
1223934277349531648,0,1
1433453716548562952,3,3
1434310443212886016,0,0
1221800725186932737,1,1
1430225575474601986,3,3
1222639722251476993,0,0
1445433471862722565,2,2
1223409957179133952,1,1
1231554992613601281,1,1
1224137170732101635,0,1
1223572065611079681,0,0
1223412745736880128,1,3
1223392862932475904,2,2
1223389908804538368,0,0
1220252453343580161,0,0
1438894161810317316,2,0
1438887921742848003,0,0
1438875256731623434,0,0
1220862477803622401,0,2
1439953583236173833,0,0
1439579114369916938,0,0
1438882123528785921,0,0
1438702390035849217,0,0
1438687966277296135,1,1
1438615896529031169,3,3
1434796410076114944,2,2
1434796393873526786,0,2
1434707655927472128,0,1
1223569131032608769,1,0
1223524105795796992,1,1
1494388473817616390,3,3
1497735608768237570,0,0
1497733792894652417,0,0
1491894892066480137,0,0
1491893435028185091,0,0
1491860257848668163,3,3
1498367874397880324,1,0
1496503384085573634,0,0
1498189072287690754,1,1
1498054760955408386,3,3
1493040563406340099,2,1
1491426674311049218,0,2
1493273895432077316,2,0
1492887581775876099,1,1
1493105458311163905,1,3
1493105295878668289,1,1
1492970610179379204,1,0
1489254556089602048,0,0
1493528191549513729,0,0
1493445178941526019,1,1
1493441909574012928,0,0
1493355699333742596,0,0
1120265520744419328,2,2
1119520135658770433,3,3
1119515271004393472,3,3
1114183060583530498,2,2
1113809683469488128,2,2
1122236200092356608,1,0
1122227407535185927,3,3
1122216221624156160,3,3
1122215463172362240,3,3
1114615331874537472,0,0
1113634308391149568,0,0
1117329009531138049,0,0
1120027293928308740,3,3
1120026757007052800,0,0
1120026522331623424,1,2
1120026306245271553,3,3
1119022933991665664,2,3
1118129675841282049,0,0
1443162502179786753,1,0
1442591998439919619,0,0
1445052191950221320,2,2
1445028794717274112,3,3
1445875971257602052,3,3
1445731483734343680,2,2
1438950268578648067,3,3
1444989815624110083,3,3
1446188626015031296,3,1
1446389127360962599,2,2
1446195302466195460,3,3
1441452296945106946,2,2
1439284203158315012,2,2
1444848701004865536,3,3
1441753300198592518,3,3
1441751319811817477,2,2
1526831929886224384,2,2
1519126073077903362,3,3
1515036190096834560,0,0
1515611739714379778,0,0
1514783316460797968,0,0
1515096430666559492,1,1
1515032801455886347,3,3
1515476440287891459,2,2
1515229005603287041,0,0
1515118694753468416,0,0
1520027215316070401,1,3
1514804965625118722,0,2
1512484414592225284,3,3
1518751871434854400,1,1
1518701317459427331,0,0
1519027554392236032,3,3
1519026972063453184,3,3
1519025108500848641,3,3
1519024662402928641,3,0
1514984760510144515,2,2
1514694987111403520,1,1
1514694931184779264,0,1
1518842250066903040,3,3
1515444578916216836,3,3
1512395950425264129,3,3
1518686145185472517,3,3
1518676184489500672,1,1
1518771033104297984,1,1
1443337462793842688,2,2
1433275384653651970,0,1
1436306859170975745,2,2
1433343934806245376,1,1
1433339018788417536,0,0
1435422140149510149,2,2
1433425692985753607,0,0
1433890075964805124,2,2
1441437383434539012,0,0
1434673524367626240,1,1
1443693287773200387,2,2
1430201896783032323,0,0
1433366891775643655,0,0
1433462274849656843,0,0
1222574360311017473,2,1
1227196411202109440,0,2
1226774881494327296,1,0
1215207838781526018,0,0
1221694512864616449,1,1
1223380633105379328,0,0
1222450724182818818,0,2
1223227745230106624,2,2
1223277963216637953,1,1
1223177890398904320,0,0
1223149862599962624,2,2
1223152309296869376,3,2
1220284966082437120,2,2
1223185686989283328,1,0
1223253568200892416,2,2
1223404143068381184,2,2
1229324190857207808,0,0
1233094136284221447,0,0
1433225864154689538,1,1
1435103920137936896,2,0
1441046384849739783,2,2
1444428617069600771,2,2
1215268185567637505,2,0
1222779460300263424,0,0
1223346208145641472,0,1
1233041920416526337,0,0
1433300350178631680,1,0
1433809462909866003,0,0
1435418812308992002,0,1
1438875253426491399,0,0
1440207531817648132,0,0
1446510200446464011,2,0
1223276596213080064,3,1
1217510566140547072,0,1
1434186480914771971,3,3
1434140240311160843,2,2
1434140235521302530,2,2
1223506079784620033,0,0
1223367154373885954,1,1
1433199108341256200,1,1
1223382033814167552,3,3
1223930258207973376,3,3
1223567163019145217,0,0
1442890229212499971,1,1
1221811106022330368,0,0
1221804453583638529,0,0
1429949416694288390,0,0
1429919008195678208,1,1
1443694861060911105,2,2
1223172420149874690,0,0
1223026515727802368,1,2
1445270548045520897,3,3
1223835588832514048,3,3
1223666232651649024,0,1
1223465035302866944,1,1
1223395428718137346,0,0
1433964075453599749,0,0
1435457188500172802,0,0
1435431506764259331,3,3
1224973131841966080,1,0
1220137784654036996,0,0
1222917350049177604,2,3
1439993228753870852,0,0
1439918772840771589,1,0
1439670054312943618,0,0
1439659977128431617,1,1
1438772700764311552,1,1
1438704331658698755,0,0
1438687871607656450,0,0
1438615838815305732,1,1
1448348362923655169,2,2
1233528371633623044,1,0
1434267967454388225,1,3
1446806588321419271,2,2
1223678614123753472,1,3
1223640856307159040,1,1
1223528100107116546,0,0
1223504686474498048,1,1
1494303664529457156,2,2
1494432962997207052,2,2
1494401820269154308,2,2
1497733920946720769,1,1
1497698097803116544,0,0
1496520217819852801,2,2
1496519670639300608,1,1
1498040150550618112,2,2
1493496953270902788,1,1
1493752807886921733,3,3
1493061241077923842,2,2
1493053596531040256,0,0
1493050449234382848,1,1
1493000165522698240,0,0
1489312881896091649,3,3
1493531543926865921,0,0
1493529201344974848,3,3
1122863470062387202,2,1
1122807213242798080,3,3
1117719675733934080,2,2
1120262733100924928,0,3
1120238692805873664,2,2
1119513328424902656,1,1
1117817794618384390,2,3
1117747632825425921,2,2
1119820141284352006,0,1
1122666516296679424,0,1
1113888495540539392,0,1
1123261308948893696,2,3
1122235129508827137,3,3
1122689584268181507,2,2
1123285661430231040,3,3
1123274133469417472,2,2
1117300176815841281,2,1
1120026330618302469,3,2
1118933048060522497,2,3
1118866001922351104,3,3
1122873140454019079,2,2
1118402445611274240,3,3
1118129679297388546,0,0
1442984567636385794,0,2
1443304707246759937,3,3
1443093997820407808,0,0
1445618391830589442,2,2
1445576785026969609,0,0
1445571320691900426,3,3
1445054005843988485,0,2
1445024152910503936,3,3
1445885330784014339,3,3
1445599983747489793,3,3
1438948052350521353,3,3
1438944095867588610,3,3
1455651960703438849,3,3
1441792819773915137,3,3
1441582014788816899,2,3
1443990239278678023,3,3
1439458449700630532,0,0
1439456449164300290,0,0
1444837942128623627,2,2
1444850790900723714,3,3
1441575408109953033,2,2
1441777934826622981,0,0
1446502911601610757,3,1
1518924310487781376,2,2
1519162579905560576,3,3
1515022683557216266,0,0
1515002853261451265,3,3
1514975364115832835,3,1
1514969373034913797,2,2
1514805758814089218,2,0
1514804229306662917,2,2
1514803118541664258,0,0
1514794624300113926,2,0
1518773861650731008,3,3
1519027326335520769,3,3
1519024100567654400,2,2
1519236919473086464,0,0
1515197374783758336,2,2
1514861230468440064,3,3
1518702322171498497,3,1
1512354564997005315,0,0
1512411680726302727,3,3
1436105335446646789,3,0
1435296628605259776,2,2
1448337995271131137,2,2
1433162130237181952,3,0
1427643282578976769,2,2
1430533896660295685,2,2
1440095931588874242,2,2
1434845178360172544,0,0
1438280724809928706,1,0
1434916385453326336,0,0
1434051970541801474,1,1
1449097101107937283,0,0
1433513238893826050,0,0
1437034773013204999,0,0
1433556330317430785,1,1
1435582763365699596,1,0
1443956826496765958,3,0
1434719268193460227,0,2
1435735062272622597,0,0
1222827887931416576,3,3
1212844467671179275,0,2
1228970176818958336,3,0
1219552314513555458,2,0
1231006732861804544,1,0
1223180963632615424,1,1
1225945272590663682,0,0
1223295721719443456,0,1
1215531162019553281,0,0
1225818472225148928,2,2
1230227297665503233,1,1
1216762802117005312,1,1
1217815378459537408,2,2
1216803392028278784,2,0
1231521778389934085,0,2
1233414209913966592,2,2
1230920883419656192,2,2
1222596852610224129,0,2
1231163357597782017,0,2
1223249931294642178,2,1
1223215330086019073,2,2
1223526399086153728,1,2
1223392583952543744,2,2
1223622025048154113,2,0
1225362689423269888,2,2
1435673673692860417,2,2
1436398954929819650,2,0
1437828264366682114,0,2
1216138908024459267,2,3
1221058021561901056,0,0
1223382025287229441,3,2
1223397515925622785,2,1
1227615309688905728,0,2
1428354048369983488,0,1
1433103617490309128,0,0
1433183284729729024,1,1
1433508062602711042,0,2
1433627513557819392,0,0
1433640765939400704,2,2
1434975977847808005,3,2
1443651912897728540,1,0
1443722194425634820,1,1
1445044527841091584,0,0
1433994419112267780,1,1
1223361321816805378,2,3
1440130464744972288,0,0
1220849135726796801,0,0
1220119339057254401,1,1
1220091630147002369,0,1
1220088606209073155,0,0
1224739247845859329,3,3
1231153052645650432,3,3
1223933822842146816,0,0
1442889179172532225,1,1
1429964670413197314,0,0
1215511681251643392,3,2
1445169676359716870,3,3
1229651616451715072,0,0
1223768283700174848,0,0
1223620011752902656,1,3
1223602303900561410,0,1
1223533700585066496,1,3
1223414660445212674,0,1
1223393529415766016,0,1
1223382486463516673,1,3
1214877678957932544,1,1
1441389782693670912,0,0
1224613450825043968,1,3
1224601607314255873,3,3
1438895544550703113,0,0
1438894700073820163,0,0
1223156793431511041,1,1
1439992907147132930,0,0
1439511203106131969,1,1
1438882303103619074,0,0
1438593770455552005,0,0
1434796424881922053,2,2
1223644451458834433,0,0
1223592134504341504,1,1
1223538865882923009,1,1
1223528237059510272,3,3
1494439663129411591,3,3
1494432161197277192,0,0
1497946867237330944,3,1
1497865235721424896,0,1
1497713011745775621,3,1
1497708163109318658,0,0
1497694084550381569,2,2
1496522769592422404,0,0
1496520028107296773,0,1
1496505010556919809,0,0
1496503555401949186,0,0
1496488509158432773,0,0
1496481762351984649,1,1
1496481166228168711,0,0
1498039440849047552,2,2
1493489451825311746,2,2
1493274390053769218,0,2
1492954651221659648,3,3
1493836648354033665,3,2
1117792202900606976,3,3
1120224512333758465,2,2
1123343907759239170,2,2
1122670067907538944,2,2
1122517077502365696,2,2
1122495206887186432,2,1
1113778772933849088,2,0
1123254386883534848,0,0
1122691027612180480,1,3
1122219388634050561,2,1
1122215534081335296,3,3
1122214560490979328,2,2
1122940772611833856,0,0
1122871866308251649,1,1
1118866353740550144,3,3
1118129685882388482,0,0
1440140391081078794,3,3
1443272930385879044,3,3
1443250682082086920,2,0
1442672606369521667,2,2
1439586155511508998,3,3
1445600848889843712,0,0
1438951294798942210,3,3
1446129819675086860,2,2
1446119050606645266,2,2
1441587209547649031,2,0
1439796462200573952,3,3
1439614635229925380,3,3
1443090825357971456,3,3
1445098815770349570,2,2
1445004578244767745,3,2
1446191263078883333,3,3
1441465603248693253,2,2
1443548376218279936,3,3
1439473189545934848,2,2
1441575411108888583,2,2
1448967345230135296,3,3
1446153975657533441,3,3
1518718458871095296,2,1
1533738538323562496,2,2
1518924216812425218,2,2
1519125493299257345,2,2
1519283510044938240,3,3
1514927437045542913,1,0
1519980073776041984,3,3
1514613876536451095,0,0
1514810476810571779,2,2
1514621857596686339,0,0
1512496294945820679,3,3
1518716986309718016,1,0
1518845148091793414,0,0
1518844440898674688,3,1
1518842406355058688,0,0
1518841400967770113,2,2
1518686552846749696,2,2
1433110574137704449,3,2
1438745256011321348,2,1
1433210997062389761,1,0
1433108438687653892,1,1
1433364207118979072,2,2
1434116151160811520,3,0
1434204981746409476,0,0
1443588959037104135,2,2
1445044517602725888,0,2
1437350850469453828,0,0
1433694692328214529,0,0
1433411141645045761,2,2
1434253127465648128,0,1
1443998650280120339,2,2
1433169039992438784,1,0
1429911727693570048,2,2
1223192287271948288,0,2
1222154382369873920,1,1
1219670204613001217,0,0
1223275901636489218,2,2
1223382945030975488,1,1
1217360018024124416,2,2
1223285063263100929,0,1
1223734102282645504,2,2
1223947939544018945,1,1
1215502677922082817,2,2
1223161160209440770,1,0
1217387308678369280,0,1
1223381004334878720,2,3
1221190328042119168,0,1
1215889001045004293,2,2
1223188950925369345,0,1
1222578284258570240,2,2
1222163740617072640,2,2
1223156553278160898,2,2
1213234699398733827,2,2
1232311255454683137,0,0
1223286698479620097,2,0
1223335312098844672,1,1
1223344553513582595,3,0
1225189353812643841,1,1
1233776820442583041,0,0
1433509029125533703,0,1
1441437469434695683,2,2
1444600433419370496,2,2
1215511412098756608,0,1
1222925005467590656,2,2
1223164785497444353,0,0
1223367224221732869,1,0
1230789314558164993,0,0
1434542899211943936,1,1
1436781731156303876,0,0
1440783059347857416,2,2
1217503668787974151,3,1
1434140243888939009,2,2
1434140233877053442,2,2
1222883308700348418,1,1
1223346863203667970,3,3
1223314415879098368,3,2
1220118830355140609,0,0
1220094124008919040,3,1
1433199750027911170,2,2
1442883067643789313,0,0
1221811789039579137,0,0
1433174755474083850,0,0
1433174751485349902,0,0
1433174747374833670,0,0
1433174744355033097,0,0
1430101581358379011,0,0
1445093113631068161,3,3
1437515183082065938,3,3
1229664224949014528,1,1
1223667443421392899,1,3
1223624820241334273,0,0
1223389144178724870,0,0
1434853354988097537,2,2
1433966378650771456,0,0
1214884401416474625,3,3
1224781955755053066,2,2
1224740498075738122,0,0
1220258544240529408,0,0
1220091373690421249,1,0
1233438073918296065,1,0
1219558561161842688,1,0
1231580150829125639,1,3
1217817000199819264,0,0
1441291923986128899,2,2
1439993082813063171,1,0
1439769164286238722,0,0
1439691435880681478,0,0
1439510902487855106,3,1
1438691036738564103,2,2
1438688777241776133,2,0
1438687500118208512,3,1
1438610000859959327,0,0
1434072992871432193,0,0
1438207758025830406,0,0
1435966328041402368,0,0
1435607367853432832,1,3
1223393889291264002,0,0
1223601478067281921,2,2
1223554713959968769,1,1
1223515082048659458,1,1
1223510237581279233,1,0
1494387488332423174,0,0
1497668974015877122,2,2
1497712169563131906,0,2
1493380775567405057,0,0
1491893429386756101,0,0
1496506476340330502,0,0
1496490104625545216,1,0
1496489204494352386,0,0
1498072746458112002,3,1
1498050275747110914,0,0
1498040947417956353,3,3
1493261737654636548,0,2
1493391591611981826,2,2
1493390499431993351,2,2
1493105492071120896,3,3
1493661388970991618,0,0
1493055691585892352,3,1
1489251185454301193,0,2
1489254898088628234,2,2
1122722301101789185,1,2
1122721023726686208,2,2
1117760429709832193,3,3
1119780999846453251,2,2
1122665937134661632,2,2
1122385748802572288,2,1
1122228571911725057,0,1
1120026972602736640,3,3
1120026110924853254,3,3
1118903583943086085,3,3
1116536864163364864,3,3
1118409642042953728,3,3
1440140732933808128,3,3
1445315174387179520,2,2
1443163186442670087,0,0
1445578035738992647,0,0
1445536712747208717,1,0
1445602712800821257,0,0
1438921598967312385,0,0
1439669339406299136,3,3
1443090151320834051,2,2
1443090593450704901,2,2
1443090362361335809,2,2
1445141725366865925,3,3
1445090034944811013,3,3
1446344062894702606,2,2
1446344065432256515,2,2
1446385170827915288,3,3
1443550249700642819,3,3
1442876957591412736,3,3
1445150929792110598,3,3
1518720135711936513,3,3
1514927898548969475,0,0
1515074426169020418,2,2
1514976909981270026,0,0
1518827605323132929,2,2
1514805277815558144,0,0
1514803271671582722,0,0
1519015307649728512,1,1
1519026011857379329,2,2
1519021397821042689,3,3
1519016114499555339,3,3
1519310810530557952,1,1
1514692710468583424,2,2
1515102012287111170,3,3
1518695445605847040,2,2
1514649342593933314,2,2
1512357875754184708,3,3
1518667277432147968,3,1
1518684347850764288,1,1
1448629668660322315,2,2
1438139518104870915,2,2
1433524836425474061,0,2
1442625531170770952,0,2
1428816379818381315,0,0
1442018249919524870,2,2
1433950322599202820,2,2
1443002712560312329,1,1
1441753981252898824,0,2
1433545273410834434,2,2
1233435383683305473,1,1
1227728451702050817,0,1
1223216224982704130,3,3
1223351600351260672,2,2
1220264745061752832,2,0
1229319584332877824,2,2
1223192459523522562,2,2
1222780141622919169,1,1
1222502689646530560,1,0
1223406054421204996,0,0
1216291280759742469,0,0
1221812140002160640,0,0
1215645371759767553,2,2
1219016672834736131,2,2
1223547291036004352,2,2
1223559935570718727,2,2
1228976560608288768,2,2
1230259865576202240,2,2
1428742362046607360,2,2
1432600315438764036,2,2
1433576717893845023,2,2
1434140231817732100,0,0
1434555064392241153,2,2
1434796388013969409,2,2
1440324955254628357,2,2
1444962247399329792,2,0
1223375216937701377,1,1
1223380466822197249,2,2
1223383830792409091,2,1
1223683945755222021,0,0
1433930935335014401,0,0
1440813241903378436,2,2
1445929231909851138,0,0
1446729819551584265,0,0
1217788512948408321,3,3
1217517954058932224,3,2
1223018072052785153,1,1
1223017489413492736,1,1
1223016923153215489,3,2
1434020043545796612,0,0
1223384320225816576,1,3
1220787460533379072,0,0
1220305016201916418,0,0
1220129038548840452,1,0
1220089528192569345,1,1
1436310407933841411,2,2
1224287321484341248,2,2
1223538642846699522,0,0
1431343826698915841,0,0
1431337447871459329,1,1
1429997378002726914,0,1
1429912346030481410,0,1
1223405919385591809,2,1
1226898893268496392,1,1
1223763140602667010,0,0
1223389861085896704,0,0
1223385065671086080,0,0
1223383997524455424,1,3
1223381056960770048,1,0
1215503030310834176,1,1
1435428580880695300,1,3
1224683057246064640,3,3
1224603365071560704,0,0
1224602680305291264,3,3
1220260462597754880,0,0
1438253185731383302,1,1
1229914176186961920,0,0
1223153077521387521,0,0
1439892029564203008,0,0
1439018525373370368,0,0
1438598609637937157,2,2
1446729954306129924,0,0
1223201106488066048,3,3
1223607959160270849,0,0
1223586385417981954,0,1
1494450375595737103,2,2
1494449869452296201,2,2
1494388262928064514,3,3
1497996857464827906,1,3
1497947057876733954,0,0
1497913559510093828,3,3
1497859863174688769,3,3
1497674559515942914,2,3
1491893436902948865,0,0
1496520958240243719,0,0
1496463904062550016,0,0
1493492091057491970,2,2
1493270369247150089,0,2
1497121664089264130,0,0
1496980292350799872,3,3
1493298738487562241,2,0
1493307150034219009,0,1
1493049819505455106,0,2
1493103040362131459,0,0
1493203757441634307,0,0
1493530922150502401,3,3
1493530369278488576,2,2
1493357631901102081,1,0
1493349275585204224,2,3
1122724116035821569,3,3
1122722958827499524,2,3
1118002826951766016,3,3
1120278123008942080,3,3
1117509728156966913,2,2
1122469362659672064,2,0
1113776731196928000,2,2
1114183601376190464,1,0
1113824874026369026,0,1
1122650230476951552,1,0
1122485667555094528,3,3
1122235949281357831,3,3
1117890452529848320,0,1
1117705912066740224,3,3
1123437007550779392,3,3
1123301304590225408,1,1
1123296317403541504,3,3
1123273588352667653,2,2
1117305413853155328,1,3
1120026474273288197,3,3
1119040268152520705,1,3
1119039930381021185,3,3
1122684674474745856,3,3
1118786143309443072,0,1
1118129682573082626,0,0
1118129672083189760,0,0
1440140280393441286,2,2
1443047650266423298,1,1
1443037799305912321,3,3
1442940451162521601,2,2
1444955587138228226,2,2
1445236618722426885,3,3
1445114629722624007,3,3
1439585794591641602,3,3
1439536211945611265,3,3
1445733603544027139,3,3
1445602101199978506,0,0
1446190984056999936,3,3
1446188983415984131,0,0
1441669575150424066,0,0
1441465871264673796,2,2
1443547767243161607,3,3
1443933240478343177,3,3
1442870272189612032,2,0
1439450342408740865,2,2
1515022271479525386,0,0
1514807006430867459,0,0
1515120212453986304,1,1
1515078655654825985,0,2
1515055441759248385,0,0
1514652803695796228,0,0
1514798496586510344,1,1
1514795470068981766,1,0
1514616575734607878,0,0
1518835529323794437,0,0
1518764190630129664,0,0
1519022811221790724,3,3
1518741105512169472,3,3
1514649345194344457,2,1
1514649343977996295,2,0
1512442965008035843,3,3
1512435587537686531,3,3
1518682330583289856,2,2
1518682271209123841,3,3
1435526184796835842,1,0
1433398059031875584,2,2
1433414443774488584,1,0
1445976115969880065,1,1
1443678905005654022,2,2
1433609676172800003,0,2
1433525015337750531,2,2
1434154343716966403,0,2
1445855837520424964,0,0
1446650102496497666,1,1
1438732663708389378,2,2
1433840092792168464,2,0
1428450917939138564,3,0
1435582470964006916,0,0
1435772536181170183,0,0
1225808960248254465,2,2
1223076465970991105,1,0
1222621646349066247,2,2
1223380969874493440,1,0
1218575552535240706,0,1
1215670786729615360,0,0
1223330321925648384,1,2
1233101135940136962,0,1
1222152383448461313,1,0
1228976418589114369,2,2
1220089872981143553,0,2
1218828138110750721,1,1
1228989385170968577,0,0
1224229279770271744,0,2
1216482625528967174,2,2
1217383259895713793,3,2
1222570004257955840,2,2
1223071284952735744,0,0
1228243093222297600,2,2
1429066505661161473,2,2
1433055939670810624,0,0
1433197856677109766,2,2
1438689176132591621,2,2
1440448213744377856,2,0
1216278785110216704,0,1
1222922737116729351,3,0
1232785184984125440,0,0
1435626390188142597,0,1
1439727644606488580,2,2
1212773351862738944,2,2
1445044522136838145,0,0
1434140242055995392,2,2
1223373534203871239,1,1
1220092486250639360,3,1
1436307453684166691,2,2
1224002842886836225,1,3
1223937352839716864,1,0
1434309337644740612,0,0
1221810317052862469,0,0
1435297270530854913,2,2
1223385646225657858,1,1
1445098468129787910,3,3
1223405555219419136,1,1
1433651619896315908,1,1
1223581410302341120,1,1
1223484408545476613,0,1
1223476412268544003,3,2
1223399427815170051,2,2
1435444669039579142,3,1
1435435058765209604,3,3
1441391219607838723,1,1
1438894570239004672,0,0
1438893622104035339,0,0
1438892739966472197,2,0
1433952456757727232,0,0
1440165189156884486,0,0
1439919048075194373,1,1
1438963687361064969,2,1
1438791716585172994,3,3
1438693169026191360,0,0
1438687602819936261,1,1
1438615542546550786,3,3
1438598960143343625,0,0
1438596892087181319,2,2
1433859900912766979,0,0
1224136585144360960,0,0
1223728596809854977,0,0
1223555960175779840,0,0
1223541575915134977,1,1
1494415341056929796,3,1
1494410635328860162,0,2
1494392672227840001,0,0
1497736575244902400,0,1
1497714812033409031,0,0
1493325176276140037,0,2
1493376110620520452,3,1
1493373477788782594,0,0
1493325229225136128,2,2
1491893431173619714,0,0
1491764566875074561,2,2
1496520155152670722,2,2
1496520112857301002,2,2
1496485355658387465,0,0
1496484421125480450,1,0
1497246458680156180,2,2
1498049980732301313,1,1
1497153240445693961,0,0
1497151653115416577,0,0
1496968391000735744,2,2
1493055943919255553,1,0
1493055418444423173,0,2
1493391485961703427,2,2
1493391277408362504,2,2
1493105670446485504,2,0
1489257753910874113,2,3
1493534574881742849,0,0
1493225526298828805,1,1
1122720555008872448,0,1
1119505119358406656,3,3
1117720802353348608,2,3
1119780759949021189,2,2
1123600311099244544,1,1
1113199062344458241,0,2
1113825207129649154,1,1
1113805803511865344,0,0
1113793490675277824,0,0
1113790657418747904,3,1
1123297923540951041,1,0
1122692005530877959,2,1
1122433245314977793,3,3
1122217741371486209,0,1
1113633060774346753,2,2
1123399350556737537,3,3
1123289476397191168,3,3
1117073486885867520,0,2
1118994571214692352,3,3
1116320663785046017,2,2
1440141022026092551,3,3
1445378297936842754,1,1
1443312963688009731,3,3
1445884859654672386,0,0
1445769449550671873,0,0
1445401460947226628,2,3
1442590620556668930,3,3
1445038468946554882,3,3
1439551761513996301,3,3
1445978609051570178,3,3
1445604115820597250,0,0
1445603719274323970,0,0
1445603144101089283,0,0
1438962801175777281,0,0
1455027524111527936,3,3
1441595599967580161,3,2
1440554311293935623,3,3
1439863178641301505,3,3
1446188883025223680,3,3
1441758082854383621,3,3
1441757967364149250,3,3
1441452624109178886,2,2
1443855954269908995,2,2
1439458823803006981,2,0
1444838327388155905,3,3
1441617245197660166,3,3
1446470174115205129,2,2
1519165341720588292,2,2
1514638868355633155,0,0
1515227647676416002,0,0
1515068877817929730,0,0
1514650430881644548,0,1
1514615813256343554,3,1
1519021792983420933,3,3
1514865858736123904,2,0
1514984424709914629,3,0
1514688356038623232,2,2
1518703454088278018,2,2
1518864087937081344,2,2
1518857946687492098,3,3
1518666899629875200,2,2
1435676853189152775,0,2
1434350953298268162,0,0
1433767871218343971,2,2
1434371921987133441,3,0
1441564147536121859,2,2
1428035064110088193,2,2
1434308432056623106,1,1
1436129009658744842,0,0
1435140241417850883,1,0
1433859856906215426,2,0
1433604428716601349,2,2
1448345564685340675,2,2
1443304398847942666,0,0
1434829771955920900,1,1
1433881419651158025,1,0
1442265359201886209,2,2
1444404700355260419,0,2
1434565809700024326,0,0
1431995188260454409,2,2
1441185777619292160,3,0
1434988997168746497,3,2
1443499618290081795,2,2
1224589376560209921,0,0
1222962565384372224,1,1
1223929052324601856,3,2
1216250135879061504,2,2
1228229548308742149,2,2
1223021619561598976,2,2
1213090074063253504,2,0
1222584797647855616,1,1
1232354290934648832,0,0
1223401779536236544,1,1
1222131839009280001,1,1
1223223780706848768,2,2
1216414988123897856,2,2
1223379025290309634,1,0
1222915193535107072,2,2
1222567746254385152,0,0
1232326589976915969,0,0
1223384712518881280,0,0
1223244479739715584,0,0
1223386291578056707,0,2
1214490606136963072,2,2
1215367393326690304,1,1
1219657651853852672,2,0
1219904012327227392,0,2
1223385181857492992,3,1
1433577561464922115,0,0
1443273628020215811,2,2
1445919053177053185,2,2
1212857303633932288,2,0
1220031596356677633,2,1
1223192891285233665,1,0
1223383523249270784,2,0
1430283958357483529,0,0
1433081302832623623,0,2
1433878475442561027,0,0
1437433692541046784,2,0
1444105658584879108,0,0
1446995192268013570,0,0
1223277085134860290,1,1
1428821672207945732,0,0
1222575454860861442,3,3
1212801834194210816,2,2
1434140238482448391,2,2
1223346301682749442,3,3
1220114159947460609,1,1
1433205034737704968,0,0
1223680492119232512,3,3
1433773511609303046,0,2
1224136523072884736,0,0
1442899876845481984,0,0
1221811204357869568,3,1
1221802027719757826,0,0
1221801112380084224,1,1
1223544415849000961,1,1
1430169588973686787,1,1
1222383559878553600,1,1
1435304266969673731,2,2
1435299404122968069,0,2
1223172809515503617,0,0
1223406860277092353,1,1
1230004732204388352,0,0
1224138261620318208,0,2
1223397529888403458,2,2
1236004217841647616,3,3
1224642948727476224,1,3
1436005984422481931,2,2
1220097759035957249,0,0
1438895984076017667,2,2
1438893124823232513,0,0
1445856676565819399,0,1
1223164111481135105,0,0
1223152419502088192,0,0
1433570593232797701,1,0
1217815981789253638,0,0
1439768403665899521,0,0
1439670149779447809,0,1
1438692519802515456,1,1
1438615725195898887,0,0
1222578919036993536,3,1
1562869625431670791,1,1
1233544032405610498,2,0
1446805389471797253,0,0
1223744933766533123,0,0
1223712437205110787,1,1
1223547781975040002,0,1
1494448827150974994,2,2
1494448337881219120,3,3
1494415990288904194,2,2
1497947251796168706,1,1
1491893427692261384,0,0
1496519577269944327,1,1
1496463346459107333,0,0
1497213359674044419,0,2
1498049739572477958,3,3
1492921560298106880,2,2
1497389742383501313,0,0
1493038804793532416,2,2
1491394510764445698,0,0
1493105374764802048,0,0
1493051993019289601,1,1
1492967159244460036,1,2
1489299632685404160,3,3
1489252340569829384,2,2
1493857373416574980,3,3
1493532157872345089,0,0
1123135774000435200,2,3
1120275879173791745,1,3
1120250881679740928,2,2
1120238852071985152,3,3
1120224236793159681,3,3
1119533635344982016,3,3
1123592643387232256,3,3
1113810778371514368,2,2
1123298514820378624,0,2
1122249375768612872,3,3
1122238382581735425,0,0
1122236364043558914,2,0
1122220470269554688,3,3
1117643904671735809,0,0
1117753620144037889,0,1
1117654895631503360,0,1
1123273478323490816,2,2
1123314617751617538,3,3
1123026924962496513,3,3
1118129663992266753,2,2
1118445037833080832,0,0
1117323370750722049,3,3
1445315164861992963,0,2
1443163531491352581,3,3
1443012125534871552,2,2
1445552898260172803,3,2
1442588203110764544,2,2
1445029435514793988,3,3
1438958995377623050,3,3
1443559086654636040,2,2
1439590747158695939,2,2
1444857522658193413,2,2
1444988670730194950,3,3
1442860451113488388,3,3
1439636226462699525,2,2
1439442670749986816,3,3
1444843415280111616,3,3
1519126475357708289,3,3
1515227955869646848,0,0
1519978700728635393,2,2
1512451897487208453,0,2
1519026718354280448,3,3
1514687906878980096,2,2
1514719954787991562,3,3
1512386073632161793,3,3
1512362722909986817,3,3
1433222577007198208,2,2
1433507051980873728,1,1
1433378972981776389,2,2
1443693750790725635,1,0
1433179801540382721,1,1
1441090573268447237,2,2
1437473547811708936,2,2
1433844386606030858,2,2
1433429559202832393,2,1
1444736233444462594,2,2
1433994416088236035,0,2
1437122756949286915,0,0
1444106074198585344,0,0
1435160716739293184,0,0
1434902459902619654,0,2
1226225200175382529,0,0
1223271780934090754,1,2
1226467131656675330,0,0
1221330190703394817,0,1
1221771763949940736,1,0
1225416215465746432,2,2
1218547998151626753,1,0
1223525259162390529,0,0
1225800132022677504,2,2
1223391819628675074,2,3
1218168287676239872,2,2
1223375709378424833,1,1
1230066092770516993,0,0
1229649391746789376,2,2
1224292109722824705,1,0
1223367442338066433,2,2
1223787904360685570,0,0
1223275243868971009,1,2
1222543094270382081,1,1
1232209415484387329,2,2
1218915853636456455,2,2
1218446059443191808,2,2
1221911648128131073,2,0
1223152857702129664,2,2
1223254845655744513,0,0
1223275853242605571,2,2
1433832349842743299,2,0
1440751684980920325,2,2
1441375945856798720,0,0
1443125036554985476,2,2
1444451586047098880,0,0
1446137357946605572,1,1
1221295543399391232,0,0
1221795516037595136,0,0
1223395968541806592,3,2
1226897624525082624,0,0
1433933836698726402,0,2
1434143416103886853,2,2
1434272940955095043,0,0
1435286229315117058,0,0
1445048584521633797,2,2
1445092962120224794,0,0
1445846585657593858,0,0
1428817772683816964,0,0
1212789095447052289,2,2
1434140245650456580,2,2
1438149785530290179,2,3
1223391769259233280,1,1
1223374675117510656,3,3
1223361192464470018,1,0
1435537658126774275,0,0
1220842917201358849,0,0
1220252763784871937,0,0
1220249234911440896,0,0
1223934714941145088,0,0
1223932678279454722,3,3
1223930519617929217,3,1
1441440659215458305,1,0
1224399931424813058,2,2
1431618521147002882,0,0
1431336888921731075,1,0
1222639482450726915,1,1
1443696523146108933,2,2
1440326461626322952,3,3
1445452117141983245,3,3
1223582511151841280,2,2
1223581249777872897,3,1
1223403313959448582,0,0
1223390088962375681,1,1
1224677622686396417,0,0
1220295891464011778,1,1
1214508629681946625,1,1
1438892466997014528,0,0
1230801841736290305,0,0
1223183031218909184,2,2
1223156939884023808,1,0
1433798233273344002,3,3
1439892532935249920,0,0
1435611091455840266,3,3
1226092218311639042,0,2
1223730463153455105,2,2
1223568472480866309,3,3
1223524717639892997,1,1
1223516456916324353,3,3
1497700685655199758,0,0
1497693207617888270,1,1
1497684295317540868,2,2
1497682105580412930,1,1
1493380964516519938,0,1
1493374022876381185,0,0
1492200996482727946,0,0
1491893432901685253,0,0
1496439142871412736,0,0
1496519826004746245,0,0
1496519367856730114,0,1
1496478971969609728,0,0
1496470819265986564,0,0
1498085893122396160,3,3
1498049108979982341,2,2
1493040090318356487,0,0
1493051653959958531,0,1
1493391673455435778,2,2
1493103697353744385,3,3
1493051632099086340,0,1
1492946386601406470,0,0
1493362259111944194,0,0
1120266734555021313,2,1
1120266092176388097,2,2
1120224673151836160,3,3
1119515130683961344,3,3
1117553572542058496,3,3
1123654209142964225,3,3
1122236669669838851,1,3
1113636664088436738,0,0
1117836772472492034,3,3
1117078572471136258,0,2
1120027479849172993,3,3
1119023268965638144,2,1
1116725718602452995,3,3
1118179248748015617,2,2
1118172711208062976,3,3
1117286670452133888,2,2
1445661189556498436,3,3
1443164209332817926,3,3
1445505797065084931,2,2
1442588883846266885,3,3
1445025759815512065,1,3
1439535687145902080,2,2
1439846011464155139,2,3
1445598352821809155,2,2
1443559191428358149,3,3
1446117950411264010,3,3
1441609423982530567,2,2
1441588942088769541,1,2
1441576129429577729,0,0
1440894393947361283,2,1
1440450754817368066,3,3
1439919615493099534,3,1
1444990264372645891,3,0
1446450656668266501,3,3
1441769840042151945,3,3
1441762320644861962,1,1
1441464704258306052,3,3
1443547609105256451,3,3
1442861459835260933,3,3
1439645565537513475,2,2
1444849452796321794,3,3
1444838454282448896,3,3
1446123700277841930,2,2
1515184351818186756,0,0
1515100531953442821,0,0
1515039596899446804,2,2
1514807287113662468,0,0
1514807046553493506,0,0
1518696215227080704,0,1
1518762481145032705,3,1
1514866841570656270,1,1
1515075645289615360,2,2
1433671361738813496,0,0
1433825857865281537,0,0
1436155616272265216,2,2
1445921589426593792,2,2
1435588849196011526,2,2
1446547007103963137,2,2
1440130460265418754,2,2
1433502763464331276,1,0
1434427363580841986,3,0
1430293764921339907,2,2
1433171236427870215,1,1
1442927988345954311,2,2
1435063261800681473,1,1
1433792267765047299,1,0
1434950625444438018,0,0
1445174394201026574,0,0
1439228312774135808,0,0
1427613956861005825,0,0
1433176626783719425,0,0
1441371242435530752,2,0
1442677280183029760,0,0
1434217111908495374,1,0
1433535674796449795,0,0
1232601503485042689,0,0
1225163846714904581,1,0
1223200654325362688,2,2
1224710234259836929,2,0
1223319670406754304,1,1
1222804783746166785,0,0
1223987154197663744,1,1
1214877086701277184,2,2
1218663367323373575,0,0
1223332765841723393,0,2
1215757720768471052,0,0
1224349983954100226,0,0
1214900403122384896,0,0
1233078210897813504,2,2
1222233054477017089,1,0
1223172498696671232,2,2
1215117432408420358,2,1
1220086959726583809,2,0
1222640927132569600,1,1
1223151003878469632,2,0
1223220362512609285,2,2
1223370070337957888,2,1
1223524125911801856,2,2
1433152745813553162,0,0
1433502212261613568,0,0
1443148093571096577,2,2
1218079902383202304,2,2
1219944823081394179,2,2
1223225986889715712,0,0
1229910543412137984,0,0
1433425617878335494,1,1
1439423062722719744,0,0
1217512921955213312,0,0
1222575314632683521,2,3
1223371990104453120,1,3
1223360890419937281,1,3
1224013486264586245,0,0
1233086257397407750,1,1
1223632978963771393,3,3
1220241076293963776,1,1
1221803699804278784,0,2
1431337285442842624,1,1
1223385272718675969,0,1
1223172930550607872,1,1
1445172519795843075,2,2
1229650982864211968,0,1
1223502645475926017,1,0
1223417728406564864,1,1
1223415608777281537,3,3
1223406257756889088,1,1
1223389211996409858,2,2
1223387335783600128,0,1
1434854240153911297,2,2
1433967144903983104,0,0
1433964753236287488,1,2
1435428196720136193,0,0
1223163569870602240,0,0
1223158894744219648,0,0
1433601738121125891,0,0
1439892284129087489,0,0
1439769005401706498,0,0
1439689695072509952,0,0
1439511494941683716,3,3
1439037839287754753,3,3
1438687741240352771,0,1
1438625998828974081,2,2
1434796397069541378,2,2
1435764204619943936,2,2
1430897633103532038,0,0
1434130702237327364,3,3
1223729861950353411,3,1
1494448866518831116,3,3
1494434336636121095,2,2
1494413520171003915,2,2
1497864531317510147,3,3
1497708584645259266,0,1
1493380270661283840,0,0
1491908180737150976,0,0
1491893426048147467,0,0
1496523594528079879,1,3
1496519976592752654,0,0
1496489704467877895,0,0
1498042373103702019,1,1
1493492901665460224,3,3
1496977149336571904,3,2
1492698282753204231,0,2
1493050039924846592,3,3
1493148671491424260,0,0
1492979533267587077,0,1
1493378353436381184,0,0
1120266359974371328,2,2
1119504892064931841,2,2
1119578856967606272,2,2
1119510856402915328,3,3
1119784022064926720,0,1
1122466066582708224,2,0
1113202499345948674,1,1
1114187450786701315,2,2
1113807636410060806,2,2
1113795480977313792,2,0
1120027151976284160,0,3
1119158203718070273,3,3
1116724461087219713,0,2
1122683366913003520,1,2
1123015072731869185,3,3
1118129667771379713,0,0
1440144650845626377,3,3
1440140685684842500,3,3
1445315189255987203,2,2
1445885662452850690,3,1
1443037759015473162,3,3
1439841271632252930,2,0
1439595811973652480,3,3
1439535947314393088,3,3
1445976547353980936,3,3
1445613440802844684,0,0
1438966586807709696,3,3
1445487186724339717,3,2
1446116842007760898,2,2
1440470977855442948,3,3
1440100854032334854,1,2
1445138606742458370,3,1
1445133684714115079,2,2
1444982673957474312,3,3
1444976177937108994,3,1
1444912778553163777,2,2
1446424727044624387,3,3
1443547244540669954,2,2
1443856884969115651,3,3
1442860696392200200,3,3
1442860188361379846,3,3
1439290918641700867,0,0
1439290171699175424,0,0
1444848634630131712,3,3
1444840998467772423,3,3
1447794105602514945,2,2
1514703615059017731,0,2
1514975617221111817,2,2
1514652394415702022,0,0
1514803736840851474,2,2
1519025333713858561,3,3
1519023150629277696,3,3
1519018997357760514,3,3
1514623784933765121,2,1
1514694878923427842,1,1
1518675923620442112,2,2
1518858094704484352,2,2
1518846517934710784,1,1
1518844503439904769,0,0
1518685835624947712,0,0
